ID unificado,Fuente oficial (MATRIZ),Naturaleza documental,Familia funcional,Tipo de fuente (MATRIZ),Institución / responsable,País,Descripción,URL principal,Confiabilidad de la fuente (MATRIZ / Catálogo),Acceso,Tipo de acceso,Idioma,Cobertura,FCV asociados,Categorías asociadas,IDs BM,Información que aporta,Casos de uso,Frecuencia de actualización,Tipo de contenido,Prioridad MVP,Última revisión,Dimensiones SIIP · vínculo directo,Indicadores SIIP · vínculo directo,Dimensiones SIIP · vínculo complementario,Indicadores SIIP · vínculo complementario,Nivel de vinculación SIIP,Estado de trabajo,Suficiencia documental SIIP,Acción siguiente,IDs inventario previo relacionados,Productos/documentos del inventario previo,Código(s) FCV MVT,Categoría conceptual de fuente (MVT),Tipo de fuente para Registro de Señal,Criterios de selección MVT,Uso metodológico de la confiabilidad,Regla de uso en Señales MVT
FM-001,DOF (Diario Oficial de la Federación),Institucional / oficial,Antecedentes y gobernanza,Gubernamental,México – Gobierno Federal (Secretaría de Gobernación),México,"Diario Oficial de la Federación, órgano oficial del Gobierno de México para la publicación de leyes, reglamentos, decretos, acuerdos y normas oficiales mexicanas (NOM). Permite dar seguimiento puntual a cambios regulatorios, incentivos fiscales y decretos vinculados a la industria de semiconductores y al nearshoring.",https://www.dof.gob.mx/,Alta,"Libre, sin registro",Gratuita,Español,México,Inversión; Regulación,Controles de exportación; Fondos públicos; Normativa ambiental,BM-015; BM-019; BM-021,"Marco normativo oficial, estadísticas y programas públicos verificables.",Consultar al identificar programas de fomento o incentivos fiscales disponibles. | Consultar antes de operaciones de comercio exterior de tecnología sensible. | Consultar al evaluar cumplimiento normativo ambiental de instalaciones industriales.,Diaria,"Regulaciones, decretos, normas oficiales, convocatorias",Alta; Media,2026-07-02,Pertinencia Normativa e Institucional,PN1; PN3; PN4,Pertinencia Económica; Pertinencia Sostenible,PE4; PSO4,Directa y complementaria,Integrada y vigente según MATRIZ,"Completa a nivel de fuente. Para uso SIIP debe registrarse el producto/serie/tabla/campo, periodo y evidencia de la consulta concreta.","Al usarla en un indicador SIIP, documentar producto o dataset exacto, campo/tabla, periodo, unidad, fecha de consulta y evidencia.",,,T3; T5,Gubernamentales,Gubernamental,Confiabilidad; Pertinencia; Actualidad; Cobertura temática; Accesibilidad; Trazabilidad,Valoración del Catálogo Maestro / MATRIZ. Sirve como referencia de autoridad y calidad general de la fuente; no sustituye la evaluación de Confiabilidad de la evidencia de una señal específica.,"Al utilizar la fuente en una señal registrar como mínimo: Fecha_Publicación, FCV, Categoría, Título_Señal, Descripción, Fuente_Tipo, Fuente_Nombre y URL_Evidencia; posteriormente evaluar Impacto, Urgencia y Confiabilidad de la evidencia."
FM-002,"BIS (Bureau of Industry and Security, U.S. Dept. of Commerce)",Institucional / oficial,Antecedentes y gobernanza,Gubernamental,Estados Unidos – Department of Commerce,Estados Unidos,"Agencia del Departamento de Comercio de EE. UU. responsable del Export Administration Regulations (EAR) y de las listas de control de exportación (Entity List, Commerce Control List). Fuente primaria para monitorear controles de exportación de tecnología de semiconductores hacia y desde EE. UU.",https://www.bis.gov/,Alta,"Libre, sin registro",Gratuita,Inglés,Estados Unidos / Mundial (impacto en comercio internacional),Regulación,Controles de exportación,BM-020,"Marco normativo oficial, estadísticas y programas públicos verificables.",Consultar antes de operaciones de comercio exterior de tecnología sensible.,Cuando exista información pública (actualizaciones regulatorias frecuentes),"Regulaciones, listas de control, avisos oficiales",Media,2026-07-02,Pertinencia Normativa e Institucional,PN3,,,Directa,Integrada y vigente según MATRIZ,"Completa a nivel de fuente. Para uso SIIP debe registrarse el producto/serie/tabla/campo, periodo y evidencia de la consulta concreta.","Al usarla en un indicador SIIP, documentar producto o dataset exacto, campo/tabla, periodo, unidad, fecha de consulta y evidencia.",,,T5,Gubernamentales,Gubernamental,Confiabilidad; Pertinencia; Actualidad; Cobertura temática; Accesibilidad; Trazabilidad,Valoración del Catálogo Maestro / MATRIZ. Sirve como referencia de autoridad y calidad general de la fuente; no sustituye la evaluación de Confiabilidad de la evidencia de una señal específica.,"Al utilizar la fuente en una señal registrar como mínimo: Fecha_Publicación, FCV, Categoría, Título_Señal, Descripción, Fuente_Tipo, Fuente_Nombre y URL_Evidencia; posteriormente evaluar Impacto, Urgencia y Confiabilidad de la evidencia."
FM-003,Secretaría de Economía (México),Institucional / oficial,Antecedentes y gobernanza,Gubernamental,México – Gobierno Federal,México,"Dependencia federal responsable de política industrial, comercio exterior, inversión extranjera directa (IED) e incentivos fiscales. Publica estadísticas oficiales de IED y programas de fomento relevantes para nearshoring, fondos públicos e incentivos a la industria de semiconductores.",https://www.gob.mx/se,Alta,"Libre, sin registro",Gratuita,Español,México,Inversión; Regulación,Capital privado; Fondos públicos; Incentivos fiscales,BM-013; BM-014; BM-022,"Marco normativo oficial, estadísticas y programas públicos verificables.",Consultar al monitorear flujos de inversión extranjera directa hacia el sector. | Consultar al identificar programas de fomento o incentivos fiscales disponibles. | Consultar al preparar propuestas de atracción de inversión para la región.,Mensual / cuando exista información pública,"Estadísticas de IED, programas de fomento, comunicados, incentivos",Alta; Media,2026-07-02,Pertinencia Económica; Pertinencia Normativa e Institucional,PE4; PN1; PN4,Pertinencia de Competitividad,PC5,Directa y complementaria,Integrada y vigente según MATRIZ,"Completa a nivel de fuente. Para uso SIIP debe registrarse el producto/serie/tabla/campo, periodo y evidencia de la consulta concreta.","Al usarla en un indicador SIIP, documentar producto o dataset exacto, campo/tabla, periodo, unidad, fecha de consulta y evidencia.",F-075; F-076; F-077; F-078; F-079,"F-075: Plan maestro para el desarrol...nductores en México 2024-2030 | F-076: La empresa Continental inaugura en Querétaro su Centro de Investigación, Desarrollo e Innovación | F-077: Perfil de entidades: Querétaro [Presentación en PDF] | F-078: Querétaro [Presentación en PDF] | F-079: Querétaro (4T24) [Presentación en PDF]",T3; T5,Gubernamentales,Gubernamental,Confiabilidad; Pertinencia; Actualidad; Cobertura temática; Accesibilidad; Trazabilidad,Valoración del Catálogo Maestro / MATRIZ. Sirve como referencia de autoridad y calidad general de la fuente; no sustituye la evaluación de Confiabilidad de la evidencia de una señal específica.,"Al utilizar la fuente en una señal registrar como mínimo: Fecha_Publicación, FCV, Categoría, Título_Señal, Descripción, Fuente_Tipo, Fuente_Nombre y URL_Evidencia; posteriormente evaluar Impacto, Urgencia y Confiabilidad de la evidencia."
FM-004,Gobierno de Querétaro / SEDESU (Secretaría de Desarrollo Sustentable),Institucional / oficial,Antecedentes y gobernanza,Gubernamental,México – Gobierno del Estado de Querétaro,México,"Secretaría de Desarrollo Sustentable del Gobierno del Estado de Querétaro. Publica información sobre atracción de inversión, parques industriales y programas estatales de fomento relevantes para el clúster de semiconductores en la región.",https://www.queretaro.gob.mx/,Alta,"Libre, sin registro",Gratuita,Español,"Querétaro, México",Inversión,Fondos públicos,BM-016,"Marco normativo oficial, estadísticas y programas públicos verificables.",Consultar al identificar programas de fomento o incentivos fiscales disponibles.,Cuando exista información pública,"Programas estatales, convocatorias, noticias de inversión",Alta,2026-07-02,Pertinencia Normativa e Institucional,PN1; PN4,Pertinencia Económica,PE4,Directa y complementaria,Integrada y vigente según MATRIZ,"Completa a nivel de fuente. Para uso SIIP debe registrarse el producto/serie/tabla/campo, periodo y evidencia de la consulta concreta.","Al usarla en un indicador SIIP, documentar producto o dataset exacto, campo/tabla, periodo, unidad, fecha de consulta y evidencia.",F-036,F-036: Plan Estatal de Desarrollo Querétaro 2021-2027,T3,Gubernamentales,Gubernamental,Confiabilidad; Pertinencia; Actualidad; Cobertura temática; Accesibilidad; Trazabilidad,Valoración del Catálogo Maestro / MATRIZ. Sirve como referencia de autoridad y calidad general de la fuente; no sustituye la evaluación de Confiabilidad de la evidencia de una señal específica.,"Al utilizar la fuente en una señal registrar como mínimo: Fecha_Publicación, FCV, Categoría, Título_Señal, Descripción, Fuente_Tipo, Fuente_Nombre y URL_Evidencia; posteriormente evaluar Impacto, Urgencia y Confiabilidad de la evidencia."
FM-005,COFECE (Comisión Federal de Competencia Económica),Institucional / oficial,Antecedentes y gobernanza,Gubernamental (organismo autónomo),México,México,"Organismo autónomo que publica el registro público de notificaciones de concentraciones (fusiones y adquisiciones) presentadas por empresas que operan en México, incluyendo transacciones del sector tecnológico y de semiconductores.",https://www.cofece.mx/,Alta,"Libre, sin registro",Gratuita,Español,México,Inversión,Fusiones y adquisiciones,BM-018,Registros públicos de operaciones corporativas sujetas a revisión regulatoria.,Consultar al dar seguimiento a transacciones corporativas relevantes del sector.,Cuando exista información pública,"Resoluciones, notificaciones de fusiones y adquisiciones",Alta,2026-07-02,,,Pertinencia de Competitividad; Pertinencia Económica,PC5; PE3; PE4,Complementaria,Integrada y vigente según MATRIZ,"Completa a nivel de fuente. Para uso SIIP debe registrarse el producto/serie/tabla/campo, periodo y evidencia de la consulta concreta.","Al usarla en un indicador SIIP, documentar producto o dataset exacto, campo/tabla, periodo, unidad, fecha de consulta y evidencia.",,,T3,Gubernamentales,Gubernamental,Confiabilidad; Pertinencia; Actualidad; Cobertura temática; Accesibilidad; Trazabilidad,Valoración del Catálogo Maestro / MATRIZ. Sirve como referencia de autoridad y calidad general de la fuente; no sustituye la evaluación de Confiabilidad de la evidencia de una señal específica.,"Al utilizar la fuente en una señal registrar como mínimo: Fecha_Publicación, FCV, Categoría, Título_Señal, Descripción, Fuente_Tipo, Fuente_Nombre y URL_Evidencia; posteriormente evaluar Impacto, Urgencia y Confiabilidad de la evidencia."
FM-006,INECC (Instituto Nacional de Ecología y Cambio Climático),Institucional / oficial,Fuentes institucionales,Gubernamental,México,México,"Publica el Inventario Nacional de Emisiones de Gases de Efecto Invernadero y reportes de huella de carbono sectorial, insumo gratuito para monitorear metas ambientales de la industria manufacturera y de semiconductores en México.",https://www.gob.mx/inecc,Alta,"Libre, sin registro",Gratuita,Español,México,Sostenibilidad,Huella de carbono,BM-044,"Marco normativo oficial, estadísticas y programas públicos verificables.",Consultar al evaluar el desempeño ambiental de la industria manufacturera en México.,Anual,"Inventarios de emisiones, reportes ambientales",Media,2026-07-02,Pertinencia Sostenible,PSO4,,,Directa,Integrada y vigente según MATRIZ,"Completa a nivel de fuente. Para uso SIIP debe registrarse el producto/serie/tabla/campo, periodo y evidencia de la consulta concreta.","Al usarla en un indicador SIIP, documentar producto o dataset exacto, campo/tabla, periodo, unidad, fecha de consulta y evidencia.",,,T8,Gubernamentales,Gubernamental,Confiabilidad; Pertinencia; Actualidad; Cobertura temática; Accesibilidad; Trazabilidad,Valoración del Catálogo Maestro / MATRIZ. Sirve como referencia de autoridad y calidad general de la fuente; no sustituye la evaluación de Confiabilidad de la evidencia de una señal específica.,"Al utilizar la fuente en una señal registrar como mínimo: Fecha_Publicación, FCV, Categoría, Título_Señal, Descripción, Fuente_Tipo, Fuente_Nombre y URL_Evidencia; posteriormente evaluar Impacto, Urgencia y Confiabilidad de la evidencia."
FM-007,INEGI (Instituto Nacional de Estadística y Geografía),Institucional / oficial,Fuentes estadísticas,Gubernamental,México,México,"Publica estadísticas oficiales de comercio exterior, balanza comercial y encuestas industriales, útiles para monitorear la logística y el flujo de componentes electrónicos y semiconductores hacia y desde México.",https://www.inegi.org.mx/,Alta,"Libre, sin registro",Gratuita,Español,México,Cadena de Suministro,Logística,BM-038,"Marco normativo oficial, estadísticas y programas públicos verificables.",Consultar al analizar flujos comerciales y logísticos de componentes electrónicos.,Mensual,"Estadísticas de comercio exterior, encuestas industriales",Media,2026-07-02,Pertinencia de Competitividad; Pertinencia Infraestructural,PC3; PI4,,,Directa,Integrada y vigente según MATRIZ,"Completa a nivel de fuente. Para uso SIIP debe registrarse el producto/serie/tabla/campo, periodo y evidencia de la consulta concreta.","Al usarla en un indicador SIIP, documentar producto o dataset exacto, campo/tabla, periodo, unidad, fecha de consulta y evidencia.",F-042,F-042: Cuenta satélite de manufacturas y estadísticas estatales,T7,Gubernamentales,Gubernamental,Confiabilidad; Pertinencia; Actualidad; Cobertura temática; Accesibilidad; Trazabilidad,Valoración del Catálogo Maestro / MATRIZ. Sirve como referencia de autoridad y calidad general de la fuente; no sustituye la evaluación de Confiabilidad de la evidencia de una señal específica.,"Al utilizar la fuente en una señal registrar como mínimo: Fecha_Publicación, FCV, Categoría, Título_Señal, Descripción, Fuente_Tipo, Fuente_Nombre y URL_Evidencia; posteriormente evaluar Impacto, Urgencia y Confiabilidad de la evidencia."
FM-008,SEMI (Semiconductor Equipment and Materials International),Institucional / sectorial,Fuentes institucionales,Asociación industrial,Internacional (sede EE. UU.; capítulo SEMI México),Internacional,"Asociación industrial global que agrupa a la cadena de valor de manufactura de semiconductores y microelectrónica (equipamiento, materiales, ATP). Publica noticias, comunicados, catálogo de estándares técnicos y reportes de acceso público sobre fabricación y empaquetado avanzado.",https://www.semi.org/,Alta,"Libre para noticias, comunicados y catálogo de estándares; membresía requerida solo para datos de mercado avanzados",Gratuita,Inglés (contenidos en español vía SEMI México),Mundial,Manufactura; Talento; Tecnología,ATP (Advanced Packaging); Certificaciones; Equipamiento; Fabricación; Materiales; Nuevas plantas,BM-001; BM-003; BM-006; BM-008; BM-024; BM-027,"Indicadores de industria, estándares técnicos y reportes de tendencia sectorial.","Consultar al iniciar vigilancia tecnológica de nuevas técnicas de empaquetado o al evaluar proveedores de ATP. | Consultar al dar seguimiento a procesos y capacidades de manufactura de semiconductores. | Consultar al evaluar disponibilidad y precio de materiales críticos (silicio, GaN, SiC). | Consultar al diseñar rutas de certificación técnica para personal de la industria. | Consultar al monitorear anuncios de nuevas instalaciones productivas. | Consultar al dar seguimiento a tecnologías de equipamiento de manufactura.",Semanal,"Noticias, estándares, reportes de industria, convocatorias",Alta; Media,2026-07-02,Pertinencia de Competitividad; Pertinencia Infraestructural; Pertinencia Social y de Talento; Pertinencia Tecnológica,PC4; PC5; PI3; PI5; PS4; PS5; PT1; PT4; PT5,Pertinencia Económica; Pertinencia Social y de Talento; Pertinencia Tecnológica,PE3; PS2; PT2,Directa y complementaria,Integrada y vigente según MATRIZ,"Completa a nivel de fuente. Para uso SIIP debe registrarse el producto/serie/tabla/campo, periodo y evidencia de la consulta concreta.","Al usarla en un indicador SIIP, documentar producto o dataset exacto, campo/tabla, periodo, unidad, fecha de consulta y evidencia.",,,T6; T4; T1,Asociaciones y cámaras,Industrial,Confiabilidad; Pertinencia; Actualidad; Cobertura temática; Accesibilidad; Trazabilidad,Valoración del Catálogo Maestro / MATRIZ. Sirve como referencia de autoridad y calidad general de la fuente; no sustituye la evaluación de Confiabilidad de la evidencia de una señal específica.,"Al utilizar la fuente en una señal registrar como mínimo: Fecha_Publicación, FCV, Categoría, Título_Señal, Descripción, Fuente_Tipo, Fuente_Nombre y URL_Evidencia; posteriormente evaluar Impacto, Urgencia y Confiabilidad de la evidencia."
FM-009,SIA (Semiconductor Industry Association),Institucional / sectorial,Fuentes institucionales,Asociación industrial,Estados Unidos,Estados Unidos,"Representa a las principales empresas de semiconductores de EE. UU. Publica de forma gratuita el State of the Industry Report / Factbook, comunicados de prensa y datos agregados de ventas y capacidad mundial.",https://www.semiconductors.org/,Alta,"Libre para reportes, factbook y comunicados públicos",Gratuita,Inglés,Estados Unidos / Mundial,Manufactura; Mercado,Capacidad instalada; Precios; Segmento automotriz,BM-026; BM-031; BM-035,"Indicadores de industria, estándares técnicos y reportes de tendencia sectorial.",Consultar al estimar la capacidad productiva disponible en la región o el mundo. | Consultar al dar seguimiento a la evolución de precios promedio de venta. | Consultar al analizar la demanda de semiconductores del sector automotriz.,Mensual / Trimestral,"Reportes, estadísticas de mercado, comunicados",Media,2026-07-02,Pertinencia por Demanda del Mercado; Pertinencia de Competitividad; Pertinencia Tecnológica,DM1; PC4; PT4,Pertinencia por Demanda del Mercado; Pertinencia Económica; Pertinencia Infraestructural,DM4; DM5; PE1; PE2; PI3,Directa y complementaria,Integrada y vigente según MATRIZ,"Completa a nivel de fuente. Para uso SIIP debe registrarse el producto/serie/tabla/campo, periodo y evidencia de la consulta concreta.","Al usarla en un indicador SIIP, documentar producto o dataset exacto, campo/tabla, periodo, unidad, fecha de consulta y evidencia.",F-083; F-084; F-085,F-083: State of the U.S. semiconductor industry 2023 | F-084: Workforce policy blueprint | F-085: Chipping away: Assessing and addressing the labor market gap facing the U.S. semiconductor industry (July 2023),T6; T2,Asociaciones y cámaras,Industrial,Confiabilidad; Pertinencia; Actualidad; Cobertura temática; Accesibilidad; Trazabilidad,Valoración del Catálogo Maestro / MATRIZ. Sirve como referencia de autoridad y calidad general de la fuente; no sustituye la evaluación de Confiabilidad de la evidencia de una señal específica.,"Al utilizar la fuente en una señal registrar como mínimo: Fecha_Publicación, FCV, Categoría, Título_Señal, Descripción, Fuente_Tipo, Fuente_Nombre y URL_Evidencia; posteriormente evaluar Impacto, Urgencia y Confiabilidad de la evidencia."
FM-010,"CANIETI (Cámara Nacional de la Industria Electrónica, de Telecomunicaciones y Tecnologías de la Información)",Institucional / sectorial,Fuentes institucionales,Asociación industrial,México,México,"Cámara Nacional de la Industria Electrónica, de Telecomunicaciones y Tecnologías de la Información. Publica estudios sectoriales gratuitos, posicionamientos de política industrial y actividades de vinculación de talento en México.",https://canieti.org/,Alta,"Libre, sin registro",Gratuita,Español,México,Regulación; Talento,Especialización; Política industrial; Retención de talento,BM-009; BM-010; BM-023,"Indicadores de industria, estándares técnicos y reportes de tendencia sectorial.",Consultar al identificar perfiles especializados demandados por la industria. | Consultar al analizar estrategias de retención de capital humano especializado. | Consultar al analizar el posicionamiento del sector ante políticas públicas.,Mensual,"Estudios sectoriales, comunicados, posicionamientos",Alta; Media,2026-07-02,Pertinencia Normativa e Institucional; Pertinencia Social y de Talento,PN1; PN4; PS2; PS3; PS5,Pertinencia Normativa e Institucional,PN5,Directa y complementaria,Integrada y vigente según MATRIZ,"Completa a nivel de fuente. Para uso SIIP debe registrarse el producto/serie/tabla/campo, periodo y evidencia de la consulta concreta.","Al usarla en un indicador SIIP, documentar producto o dataset exacto, campo/tabla, periodo, unidad, fecha de consulta y evidencia.",F-008,F-008: Plan Maestro para el Desarrollo de la Industria de Semiconductores en México 2024-2030,T5; T4,Asociaciones y cámaras,Industrial,Confiabilidad; Pertinencia; Actualidad; Cobertura temática; Accesibilidad; Trazabilidad,Valoración del Catálogo Maestro / MATRIZ. Sirve como referencia de autoridad y calidad general de la fuente; no sustituye la evaluación de Confiabilidad de la evidencia de una señal específica.,"Al utilizar la fuente en una señal registrar como mínimo: Fecha_Publicación, FCV, Categoría, Título_Señal, Descripción, Fuente_Tipo, Fuente_Nombre y URL_Evidencia; posteriormente evaluar Impacto, Urgencia y Confiabilidad de la evidencia."
FM-011,FUMEC (Fundación México-Estados Unidos para la Ciencia),Institucional / sectorial,Fuentes institucionales,Organización binacional sin fines de lucro,México / Estados Unidos,México / Estados Unidos,"Impulsa la colaboración binacional en ciencia y tecnología, incluyendo el AllyShoring Task Force y programas de desarrollo de proveeduría de semiconductores en Norteamérica. Publica reportes y convocatorias de acceso abierto.",https://fumec.org/,Alta,"Libre, sin registro",Gratuita,Español / Inglés,"México, Estados Unidos, Norteamérica",Cadena de Suministro; Inversión,Nearshoring; Proveedores críticos,BM-011; BM-036,Mapas de ruta y oportunidades de vinculación binacional México-EE. UU.,Consultar al dar seguimiento a anuncios y oportunidades de relocalización industrial. | Consultar al mapear proveedores estratégicos de la cadena de suministro regional.,Cuando exista información pública,"Reportes, convocatorias, mapas de ruta sectoriales",Alta; Media,2026-07-02,Pertinencia Económica,PE3,Pertinencia de Competitividad; Pertinencia Económica,PC4; PC5; PE2,Directa y complementaria,Integrada y vigente según MATRIZ,"Completa a nivel de fuente. Para uso SIIP debe registrarse el producto/serie/tabla/campo, periodo y evidencia de la consulta concreta.","Al usarla en un indicador SIIP, documentar producto o dataset exacto, campo/tabla, periodo, unidad, fecha de consulta y evidencia.",F-014; F-035,"F-014: Mapa de ruta: Oportunidades para el nearshoring de semiconductores en México (Documento principal, español) | F-035: Mapa...para el nearshoring de semiconductores en México",T7; T3,Asociaciones y cámaras,Industrial,Confiabilidad; Pertinencia; Actualidad; Cobertura temática; Accesibilidad; Trazabilidad,Valoración del Catálogo Maestro / MATRIZ. Sirve como referencia de autoridad y calidad general de la fuente; no sustituye la evaluación de Confiabilidad de la evidencia de una señal específica.,"Al utilizar la fuente en una señal registrar como mínimo: Fecha_Publicación, FCV, Categoría, Título_Señal, Descripción, Fuente_Tipo, Fuente_Nombre y URL_Evidencia; posteriormente evaluar Impacto, Urgencia y Confiabilidad de la evidencia."
FM-012,IEEE Xplore (Institute of Electrical and Electronics Engineers),Académica / científica,Fuentes sectoriales/metodológicas,Biblioteca digital académica,"Internacional (IEEE, sede EE. UU.)",Internacional,"Biblioteca digital especializada en ingeniería, electrónica y ciencias de la computación. Permite identificar mediante búsqueda y resúmenes de acceso libre investigaciones recientes sobre diseño de circuitos integrados y tecnologías emergentes de semiconductores.",https://ieeexplore.ieee.org/,Alta,Búsqueda y resúmenes libres sin registro; texto completo requiere suscripción institucional o compra por artículo,Institucional,Inglés,Mundial,Tecnología,Diseño IC,BM-002,Evidencia científica y técnica de vanguardia sobre tecnologías de semiconductores.,Consultar al monitorear publicaciones técnicas recientes sobre diseño de circuitos integrados.,Diaria,"Artículos científicos, actas de conferencias, estándares",Alta,2026-07-02,Pertinencia Infraestructural; Pertinencia Tecnológica,PI5; PT3,Pertinencia Tecnológica,PT2; PT5,Directa y complementaria,Integrada y vigente según MATRIZ,"Completa a nivel de fuente. Para uso SIIP debe registrarse el producto/serie/tabla/campo, periodo y evidencia de la consulta concreta.","Al usarla en un indicador SIIP, documentar producto o dataset exacto, campo/tabla, periodo, unidad, fecha de consulta y evidencia.",,,T1,Académicas,Académica,Confiabilidad; Pertinencia; Actualidad; Cobertura temática; Accesibilidad; Trazabilidad,Valoración del Catálogo Maestro / MATRIZ. Sirve como referencia de autoridad y calidad general de la fuente; no sustituye la evaluación de Confiabilidad de la evidencia de una señal específica.,"Al utilizar la fuente en una señal registrar como mínimo: Fecha_Publicación, FCV, Categoría, Título_Señal, Descripción, Fuente_Tipo, Fuente_Nombre y URL_Evidencia; posteriormente evaluar Impacto, Urgencia y Confiabilidad de la evidencia."
FM-013,Deloitte Insights (contenido público),Secundaria / inteligencia especializada,Fuentes sectoriales/metodológicas,Consultora (publicaciones públicas),Internacional,Internacional,"Deloitte publica de manera gratuita en Deloitte Insights perspectivas, encuestas y reportes anuales sobre nearshoring, sostenibilidad y tendencias de inversión en la industria de semiconductores, sin necesidad de suscripción de pago.",https://www.deloitte.com/global/en/Industries/tmt/research.html,Alta,Libre para artículos e informes publicados en Deloitte Insights; estudios personalizados requieren contratación,Gratuita,Inglés,Mundial,Inversión; Sostenibilidad,Metas ESG; Nearshoring,BM-012; BM-042,Análisis de tendencias de mercado e inversión basados en investigación propia.,Consultar al dar seguimiento a anuncios y oportunidades de relocalización industrial. | Consultar al comparar metas de sostenibilidad de empresas del sector.,Trimestral / Anual,"Reportes públicos, encuestas, artículos de análisis",Alta; Media,2026-07-02,,,Pertinencia de Competitividad; Pertinencia Económica; Pertinencia Sostenible,PC5; PE2; PE3; PSO2; PSO4,Complementaria,Integrada y vigente según MATRIZ,"Completa a nivel de fuente. Para uso SIIP debe registrarse el producto/serie/tabla/campo, periodo y evidencia de la consulta concreta.","Al usarla en un indicador SIIP, documentar producto o dataset exacto, campo/tabla, periodo, unidad, fecha de consulta y evidencia.",F-022; F-023,"F-022: Automotive semiconductor outlook 2023: Supply, demand, and transformation | F-023: 2024 semiconductor industry outlook",T3; T8,Empresas,Consultoría,Confiabilidad; Pertinencia; Actualidad; Cobertura temática; Accesibilidad; Trazabilidad,Valoración del Catálogo Maestro / MATRIZ. Sirve como referencia de autoridad y calidad general de la fuente; no sustituye la evaluación de Confiabilidad de la evidencia de una señal específica.,"Al utilizar la fuente en una señal registrar como mínimo: Fecha_Publicación, FCV, Categoría, Título_Señal, Descripción, Fuente_Tipo, Fuente_Nombre y URL_Evidencia; posteriormente evaluar Impacto, Urgencia y Confiabilidad de la evidencia."
FM-014,McKinsey & Company Insights (contenido público),Secundaria / inteligencia especializada,Fuentes sectoriales/metodológicas,Consultora (publicaciones públicas),Internacional,Internacional,"McKinsey publica de forma gratuita artículos y reportes sobre la cadena de valor de semiconductores, incluyendo el segmento automotriz y de IA, sin necesidad de suscripción de pago.",https://www.mckinsey.com/industries/semiconductors,Alta,Libre para artículos e informes publicados en McKinsey Insights; estudios personalizados requieren contratación,Gratuita,Inglés,Mundial,Mercado,Segmento automotriz,BM-034,Análisis de tendencias de mercado e inversión basados en investigación propia.,Consultar al analizar la demanda de semiconductores del sector automotriz.,Trimestral / Anual,"Reportes públicos, artículos de análisis",Media,2026-07-02,Pertinencia por Demanda del Mercado,DM1,Pertinencia por Demanda del Mercado,DM4; DM5,Directa y complementaria,Integrada y vigente según MATRIZ,"Completa a nivel de fuente. Para uso SIIP debe registrarse el producto/serie/tabla/campo, periodo y evidencia de la consulta concreta.","Al usarla en un indicador SIIP, documentar producto o dataset exacto, campo/tabla, periodo, unidad, fecha de consulta y evidencia.",F-056,F-056: McKinsey on Semiconductors 2024 (PDF),T2,Empresas,Consultoría,Confiabilidad; Pertinencia; Actualidad; Cobertura temática; Accesibilidad; Trazabilidad,Valoración del Catálogo Maestro / MATRIZ. Sirve como referencia de autoridad y calidad general de la fuente; no sustituye la evaluación de Confiabilidad de la evidencia de una señal específica.,"Al utilizar la fuente en una señal registrar como mínimo: Fecha_Publicación, FCV, Categoría, Título_Señal, Descripción, Fuente_Tipo, Fuente_Nombre y URL_Evidencia; posteriormente evaluar Impacto, Urgencia y Confiabilidad de la evidencia."
FM-015,WSTS (World Semiconductor Trade Statistics),Institucional / sectorial,Fuentes estadísticas,Asociación industrial (estadística),Internacional (administración en Alemania),Internacional,Organización sin fines de lucro que publica estadísticas mensuales de envíos y ventas mundiales de semiconductores. El histórico del 'Blue Book' (más de 4 décadas de datos) está disponible para descarga gratuita sin registro.,https://www.wsts.org/,Alta,"Libre para el histórico 'Blue Book' (descarga gratuita, sin inicio de sesión); pronósticos y reportes detallados requieren membresía",Gratuita,Inglés,Mundial,Mercado,Demanda global; Precios,BM-029; BM-030,Información pública relevante para vigilancia tecnológica.,Consultar al analizar el comportamiento agregado de la demanda mundial de chips. | Consultar al dar seguimiento a la evolución de precios promedio de venta.,Mensual,"Estadísticas de ventas, series históricas de mercado",Media,2026-07-02,,,Pertinencia por Demanda del Mercado; Pertinencia Económica,DM4; DM5; PE1; PE2,Complementaria,Integrada y vigente según MATRIZ,"Completa a nivel de fuente. Para uso SIIP debe registrarse el producto/serie/tabla/campo, periodo y evidencia de la consulta concreta.","Al usarla en un indicador SIIP, documentar producto o dataset exacto, campo/tabla, periodo, unidad, fecha de consulta y evidencia.",,,T2,Asociaciones y cámaras,Industrial,Confiabilidad; Pertinencia; Actualidad; Cobertura temática; Accesibilidad; Trazabilidad,Valoración del Catálogo Maestro / MATRIZ. Sirve como referencia de autoridad y calidad general de la fuente; no sustituye la evaluación de Confiabilidad de la evidencia de una señal específica.,"Al utilizar la fuente en una señal registrar como mínimo: Fecha_Publicación, FCV, Categoría, Título_Señal, Descripción, Fuente_Tipo, Fuente_Nombre y URL_Evidencia; posteriormente evaluar Impacto, Urgencia y Confiabilidad de la evidencia."
FM-016,EE Times,Secundaria / medio especializado,Fuentes sectoriales/metodológicas,Medio especializado,Estados Unidos,Estados Unidos,"Medio especializado en electrónica e ingeniería de semiconductores. Publica noticias diarias sobre nuevas plantas, equipamiento, tendencias de mercado (IA, automotriz) y disrupciones en la cadena de suministro.",https://www.eetimes.com/,Media,"Libre, sin registro",Gratuita,Inglés,Mundial,Cadena de Suministro; Manufactura; Mercado,Disrupciones; Nuevas plantas; Segmento IA,BM-025; BM-032; BM-039,Noticias oportunas sobre movimientos de la industria y señales tempranas de cambio.,Consultar al monitorear anuncios de nuevas instalaciones productivas. | Consultar al monitorear el crecimiento del segmento de chips para inteligencia artificial. | Consultar ante señales de posible disrupción en la cadena de suministro global.,Diaria,"Noticias, análisis técnico, entrevistas",Media,2026-07-02,Pertinencia por Demanda del Mercado; Pertinencia de Competitividad; Pertinencia Infraestructural; Pertinencia Tecnológica,DM5; PC5; PI3; PT5,Pertinencia por Demanda del Mercado; Pertinencia Económica,DM3; DM4; PE3,Directa y complementaria,Integrada y vigente según MATRIZ,"Completa a nivel de fuente. Para uso SIIP debe registrarse el producto/serie/tabla/campo, periodo y evidencia de la consulta concreta.","Al usarla en un indicador SIIP, documentar producto o dataset exacto, campo/tabla, periodo, unidad, fecha de consulta y evidencia.",,,T7; T6; T2,Medios especializados,Medios,Confiabilidad; Pertinencia; Actualidad; Cobertura temática; Accesibilidad; Trazabilidad,Valoración del Catálogo Maestro / MATRIZ. Sirve como referencia de autoridad y calidad general de la fuente; no sustituye la evaluación de Confiabilidad de la evidencia de una señal específica.,"Al utilizar la fuente en una señal registrar como mínimo: Fecha_Publicación, FCV, Categoría, Título_Señal, Descripción, Fuente_Tipo, Fuente_Nombre y URL_Evidencia; posteriormente evaluar Impacto, Urgencia y Confiabilidad de la evidencia."
FM-017,Semiconductor Engineering,Secundaria / medio especializado,Fuentes sectoriales/metodológicas,Medio especializado,Estados Unidos,Estados Unidos,"Medio digital especializado en ingeniería de semiconductores, manufactura y diseño de chips. Cubre a detalle temas técnicos de fabricación, cuartos limpios, empaquetado avanzado y cadena de suministro.",https://semiengineering.com/,Media,"Libre, sin registro",Gratuita,Inglés,Mundial,Cadena de Suministro; Manufactura; Mercado,Cuartos limpios; Disrupciones; Fabricación; Segmento IA,BM-004; BM-028; BM-033; BM-040,Noticias oportunas sobre movimientos de la industria y señales tempranas de cambio.,Consultar al dar seguimiento a procesos y capacidades de manufactura de semiconductores. | Consultar al evaluar estándares técnicos de manufactura en ambientes controlados. | Consultar al monitorear el crecimiento del segmento de chips para inteligencia artificial. | Consultar ante señales de posible disrupción en la cadena de suministro global.,Diaria,"Noticias técnicas, artículos de análisis",Alta; Media,2026-07-02,Pertinencia por Demanda del Mercado; Pertinencia de Competitividad; Pertinencia Infraestructural; Pertinencia Tecnológica,DM5; PC4; PI5; PT1; PT4,Pertinencia por Demanda del Mercado; Pertinencia de Competitividad; Pertinencia Tecnológica,DM3; DM4; PC5; PT2,Directa y complementaria,Integrada y vigente según MATRIZ,"Completa a nivel de fuente. Para uso SIIP debe registrarse el producto/serie/tabla/campo, periodo y evidencia de la consulta concreta.","Al usarla en un indicador SIIP, documentar producto o dataset exacto, campo/tabla, periodo, unidad, fecha de consulta y evidencia.",,,T7; T6; T2,Medios especializados,Medios,Confiabilidad; Pertinencia; Actualidad; Cobertura temática; Accesibilidad; Trazabilidad,Valoración del Catálogo Maestro / MATRIZ. Sirve como referencia de autoridad y calidad general de la fuente; no sustituye la evaluación de Confiabilidad de la evidencia de una señal específica.,"Al utilizar la fuente en una señal registrar como mínimo: Fecha_Publicación, FCV, Categoría, Título_Señal, Descripción, Fuente_Tipo, Fuente_Nombre y URL_Evidencia; posteriormente evaluar Impacto, Urgencia y Confiabilidad de la evidencia."
FM-018,USGS (United States Geological Survey) – National Minerals Information Center,Institucional / oficial,Fuentes estadísticas,Organismo gubernamental (agencia científica),Estados Unidos,Estados Unidos,Publica el Mineral Commodity Summaries con estadísticas gratuitas sobre silicio y otras materias primas críticas (materiales) para la manufactura de semiconductores.,https://www.usgs.gov/centers/national-minerals-information-center,Alta,"Libre, sin registro",Gratuita,Inglés,Mundial,Cadena de Suministro; Tecnología,Materiales; Materias primas,BM-005; BM-037,Información pública relevante para vigilancia tecnológica.,"Consultar al evaluar disponibilidad y precio de materiales críticos (silicio, GaN, SiC). | Consultar al evaluar disponibilidad de materias primas críticas para manufactura.",Anual,"Estadísticas de materias primas, reportes anuales",Alta; Media,2026-07-02,,,Pertinencia por Demanda del Mercado; Pertinencia Económica; Pertinencia Tecnológica,DM5; PE3; PT2; PT4; PT5,Complementaria,Integrada y vigente según MATRIZ,"Completa a nivel de fuente. Para uso SIIP debe registrarse el producto/serie/tabla/campo, periodo y evidencia de la consulta concreta.","Al usarla en un indicador SIIP, documentar producto o dataset exacto, campo/tabla, periodo, unidad, fecha de consulta y evidencia.",,,T7; T1,Gubernamentales,Gubernamental,Confiabilidad; Pertinencia; Actualidad; Cobertura temática; Accesibilidad; Trazabilidad,Valoración del Catálogo Maestro / MATRIZ. Sirve como referencia de autoridad y calidad general de la fuente; no sustituye la evaluación de Confiabilidad de la evidencia de una señal específica.,"Al utilizar la fuente en una señal registrar como mínimo: Fecha_Publicación, FCV, Categoría, Título_Señal, Descripción, Fuente_Tipo, Fuente_Nombre y URL_Evidencia; posteriormente evaluar Impacto, Urgencia y Confiabilidad de la evidencia."
FM-019,IEA (International Energy Agency),Institucional / oficial,Fuentes estadísticas,Organismo internacional,Internacional (sede Francia),Internacional,"Publica reportes gratuitos sobre consumo energético de la industria manufacturera y de semiconductores, así como proyecciones de demanda eléctrica asociada a la fabricación de chips.",https://www.iea.org/,Alta,"Libre para la mayoría de reportes (algunos requieren registro gratuito con correo electrónico, sin costo)",Gratuita,Inglés,Mundial,Sostenibilidad,Consumo energético,BM-041,Estadísticas comparables a nivel mundial y marcos normativos internacionales.,Consultar al evaluar el impacto energético de nuevas instalaciones productivas.,Anual / cuando exista información pública,"Reportes, estadísticas energéticas",Media,2026-07-02,Pertinencia Sostenible,PSO3,Pertinencia de Competitividad; Pertinencia Infraestructural; Pertinencia Sostenible,PC1; PC2; PI1; PSO1,Directa y complementaria,Integrada y vigente según MATRIZ,"Completa a nivel de fuente. Para uso SIIP debe registrarse el producto/serie/tabla/campo, periodo y evidencia de la consulta concreta.","Al usarla en un indicador SIIP, documentar producto o dataset exacto, campo/tabla, periodo, unidad, fecha de consulta y evidencia.",F-047; F-048,"F-047: Energy and AI | F-048: Share of electricity consumption by data centre and equipment type, 2024 [Dataset/Chart]",T8,Organismos internacionales,Gubernamental / organismo internacional,Confiabilidad; Pertinencia; Actualidad; Cobertura temática; Accesibilidad; Trazabilidad,Valoración del Catálogo Maestro / MATRIZ. Sirve como referencia de autoridad y calidad general de la fuente; no sustituye la evaluación de Confiabilidad de la evidencia de una señal específica.,"Al utilizar la fuente en una señal registrar como mínimo: Fecha_Publicación, FCV, Categoría, Título_Señal, Descripción, Fuente_Tipo, Fuente_Nombre y URL_Evidencia; posteriormente evaluar Impacto, Urgencia y Confiabilidad de la evidencia."
FM-020,OVTT (Observatorio Virtual de Transferencia de Tecnología),Secundaria / inteligencia especializada,Fuentes sectoriales/metodológicas,Observatorio de vinculación,Iberoamérica (red iberoamericana),Iberoamérica,"Publica artículos y recursos de acceso abierto sobre economía circular, transferencia tecnológica y vinculación universidad-empresa relevantes para la sostenibilidad del sector electrónico.",https://www.ovtt.org/,Media,"Libre, sin registro",Gratuita,Español,Iberoamérica,Sostenibilidad,Economía circular,BM-043,Casos y recursos sobre transferencia tecnológica y economía circular.,Consultar al explorar prácticas de economía circular aplicables a la industria.,Cuando exista información pública,"Artículos, recursos de vinculación tecnológica",Media,2026-07-02,,,Pertinencia Sostenible,PSO4,Complementaria,Integrada y vigente según MATRIZ,"Completa a nivel de fuente. Para uso SIIP debe registrarse el producto/serie/tabla/campo, periodo y evidencia de la consulta concreta.","Al usarla en un indicador SIIP, documentar producto o dataset exacto, campo/tabla, periodo, unidad, fecha de consulta y evidencia.",,,T8,Académicas,Académica,Confiabilidad; Pertinencia; Actualidad; Cobertura temática; Accesibilidad; Trazabilidad,Valoración del Catálogo Maestro / MATRIZ. Sirve como referencia de autoridad y calidad general de la fuente; no sustituye la evaluación de Confiabilidad de la evidencia de una señal específica.,"Al utilizar la fuente en una señal registrar como mínimo: Fecha_Publicación, FCV, Categoría, Título_Señal, Descripción, Fuente_Tipo, Fuente_Nombre y URL_Evidencia; posteriormente evaluar Impacto, Urgencia y Confiabilidad de la evidencia."
FM-021,WIPO (World Intellectual Property Organization) / PATENTSCOPE,Institucional / oficial,Fuentes institucionales,Organismo internacional,Internacional (Naciones Unidas),Internacional,Organización Mundial de la Propiedad Intelectual. A través de PATENTSCOPE ofrece búsqueda gratuita de solicitudes de patentes internacionales (PCT) relacionadas con tecnologías de semiconductores.,https://www.wipo.int/,Alta,"Libre, sin registro",Gratuita,Inglés / Español / Multilingüe,Mundial,Propiedad Intelectual,Patentes,BM-045,Estadísticas comparables a nivel mundial y marcos normativos internacionales.,Consultar al dar seguimiento al estado del arte tecnológico protegido por patentes.,Diaria,"Patentes, estadísticas de propiedad intelectual",Alta,2026-07-02,,,Pertinencia Normativa e Institucional; Pertinencia Tecnológica,PN4; PT2; PT5,Complementaria,Integrada y vigente según MATRIZ,"Completa a nivel de fuente. Para uso SIIP debe registrarse el producto/serie/tabla/campo, periodo y evidencia de la consulta concreta.","Al usarla en un indicador SIIP, documentar producto o dataset exacto, campo/tabla, periodo, unidad, fecha de consulta y evidencia.",,,T9,Organismos internacionales,Gubernamental / organismo internacional,Confiabilidad; Pertinencia; Actualidad; Cobertura temática; Accesibilidad; Trazabilidad,Valoración del Catálogo Maestro / MATRIZ. Sirve como referencia de autoridad y calidad general de la fuente; no sustituye la evaluación de Confiabilidad de la evidencia de una señal específica.,"Al utilizar la fuente en una señal registrar como mínimo: Fecha_Publicación, FCV, Categoría, Título_Señal, Descripción, Fuente_Tipo, Fuente_Nombre y URL_Evidencia; posteriormente evaluar Impacto, Urgencia y Confiabilidad de la evidencia."
FM-022,USPTO (United States Patent and Trademark Office),Institucional / oficial,Fuentes institucionales,Gubernamental,Estados Unidos,Estados Unidos,Ofrece búsqueda gratuita de patentes (Patent Public Search) y expedientes de litigios de propiedad intelectual relacionados con semiconductores.,https://www.uspto.gov/,Alta,"Libre, sin registro",Gratuita,Inglés,Estados Unidos / Mundial (referencia),Propiedad Intelectual,Licenciamiento; Litigios,BM-047; BM-050,"Marco normativo oficial, estadísticas y programas públicos verificables.",Consultar al explorar oportunidades de licenciamiento de tecnología. | Consultar al evaluar riesgos legales asociados a disputas de propiedad intelectual.,Diaria,"Patentes, marcas, litigios de PI",Alta,2026-07-02,,,Pertinencia Normativa e Institucional; Pertinencia Tecnológica,PN3; PN4; PT5,Complementaria,Integrada y vigente según MATRIZ,"Completa a nivel de fuente. Para uso SIIP debe registrarse el producto/serie/tabla/campo, periodo y evidencia de la consulta concreta.","Al usarla en un indicador SIIP, documentar producto o dataset exacto, campo/tabla, periodo, unidad, fecha de consulta y evidencia.",,,T9,Gubernamentales,Gubernamental,Confiabilidad; Pertinencia; Actualidad; Cobertura temática; Accesibilidad; Trazabilidad,Valoración del Catálogo Maestro / MATRIZ. Sirve como referencia de autoridad y calidad general de la fuente; no sustituye la evaluación de Confiabilidad de la evidencia de una señal específica.,"Al utilizar la fuente en una señal registrar como mínimo: Fecha_Publicación, FCV, Categoría, Título_Señal, Descripción, Fuente_Tipo, Fuente_Nombre y URL_Evidencia; posteriormente evaluar Impacto, Urgencia y Confiabilidad de la evidencia."
FM-023,IMPI (Instituto Mexicano de la Propiedad Industrial),Institucional / oficial,Fuentes institucionales,Gubernamental,México,México,"Ofrece consulta gratuita del Acervo de Patentes Mexicanas y de trámites de licenciamiento, útil para dar seguimiento a la propiedad intelectual local en semiconductores.",https://www.gob.mx/impi,Alta,"Libre, sin registro",Gratuita,Español,México,Propiedad Intelectual,Licenciamiento,BM-046,"Marco normativo oficial, estadísticas y programas públicos verificables.",Consultar al explorar oportunidades de licenciamiento de tecnología.,Cuando exista información pública,"Patentes, licencias, trámites de PI",Alta,2026-07-02,,,Pertinencia Normativa e Institucional; Pertinencia Tecnológica,PN4; PT5,Complementaria,Integrada y vigente según MATRIZ,"Completa a nivel de fuente. Para uso SIIP debe registrarse el producto/serie/tabla/campo, periodo y evidencia de la consulta concreta.","Al usarla en un indicador SIIP, documentar producto o dataset exacto, campo/tabla, periodo, unidad, fecha de consulta y evidencia.",,,T9,Gubernamentales,Gubernamental,Confiabilidad; Pertinencia; Actualidad; Cobertura temática; Accesibilidad; Trazabilidad,Valoración del Catálogo Maestro / MATRIZ. Sirve como referencia de autoridad y calidad general de la fuente; no sustituye la evaluación de Confiabilidad de la evidencia de una señal específica.,"Al utilizar la fuente en una señal registrar como mínimo: Fecha_Publicación, FCV, Categoría, Título_Señal, Descripción, Fuente_Tipo, Fuente_Nombre y URL_Evidencia; posteriormente evaluar Impacto, Urgencia y Confiabilidad de la evidencia."
FM-024,"CONAHCYT (Consejo Nacional de Humanidades, Ciencias y Tecnologías)",Institucional / oficial,Fuentes institucionales,Gubernamental,México,México,"Publica convocatorias, programas y reportes de transferencia tecnológica entre universidades y sector productivo en México (antes CONACYT).",https://conahcyt.mx/,Alta,"Libre, sin registro",Gratuita,Español,México,Propiedad Intelectual,Transferencia tecnológica,BM-048,"Marco normativo oficial, estadísticas y programas públicos verificables.",Consultar al identificar programas de vinculación academia-industria.,Cuando exista información pública,"Convocatorias, programas de vinculación, reportes",Alta,2026-07-02,,,Pertinencia Normativa e Institucional; Pertinencia Tecnológica,PN4; PN5; PT5,Complementaria,Integrada y vigente según MATRIZ,"Completa a nivel de fuente. Para uso SIIP debe registrarse el producto/serie/tabla/campo, periodo y evidencia de la consulta concreta.","Al usarla en un indicador SIIP, documentar producto o dataset exacto, campo/tabla, periodo, unidad, fecha de consulta y evidencia.",,,T9,Gubernamentales,Gubernamental,Confiabilidad; Pertinencia; Actualidad; Cobertura temática; Accesibilidad; Trazabilidad,Valoración del Catálogo Maestro / MATRIZ. Sirve como referencia de autoridad y calidad general de la fuente; no sustituye la evaluación de Confiabilidad de la evidencia de una señal específica.,"Al utilizar la fuente en una señal registrar como mínimo: Fecha_Publicación, FCV, Categoría, Título_Señal, Descripción, Fuente_Tipo, Fuente_Nombre y URL_Evidencia; posteriormente evaluar Impacto, Urgencia y Confiabilidad de la evidencia."
FM-025,Universidades / TecNM (Tecnológico Nacional de México),Institucional / sectorial,Fuentes institucionales,Institución académica,México,México,Red pública de institutos tecnológicos que forman talento en ingeniería y ofrecen programas académicos vinculados a la industria electrónica y de semiconductores; también referencia genérica de universidades participantes.,https://www.tecnm.mx/,Media,"Libre, sin registro",Gratuita,Español,México,Propiedad Intelectual; Talento,Formación; Transferencia tecnológica,BM-007; BM-049,"Oferta educativa, programas de formación y vinculación con la industria.",Consultar al mapear oferta educativa disponible para formar talento técnico regional. | Consultar al identificar programas de vinculación academia-industria.,Cuando exista información pública,"Programas académicos, planes de estudio, convocatorias",Alta,2026-07-02,Pertinencia Social y de Talento,PS1; PS5,Pertinencia Normativa e Institucional; Pertinencia Social y de Talento; Pertinencia Tecnológica,PN4; PN5; PS2; PT3; PT5,Directa y complementaria,Integrada y vigente según MATRIZ,"Completa a nivel de fuente. Para uso SIIP debe registrarse el producto/serie/tabla/campo, periodo y evidencia de la consulta concreta.","Al usarla en un indicador SIIP, documentar producto o dataset exacto, campo/tabla, periodo, unidad, fecha de consulta y evidencia.",F-044; F-045; F-046; F-088,F-044: Directorio TecNM Campus Querétaro (PDF) | F-045: Ingeniería en Semiconductores | F-046: El ITQ fortalece vínculos con el Centro Nacional de Metrología | F-088: [Noticia] El congreso constituye el cierre del Multiproyecto para la Microfabricación de Chips (MMC TecNM-25),T9; T4,Académicas,Académica,Confiabilidad; Pertinencia; Actualidad; Cobertura temática; Accesibilidad; Trazabilidad,Valoración del Catálogo Maestro / MATRIZ. Sirve como referencia de autoridad y calidad general de la fuente; no sustituye la evaluación de Confiabilidad de la evidencia de una señal específica.,"Al utilizar la fuente en una señal registrar como mínimo: Fecha_Publicación, FCV, Categoría, Título_Señal, Descripción, Fuente_Tipo, Fuente_Nombre y URL_Evidencia; posteriormente evaluar Impacto, Urgencia y Confiabilidad de la evidencia."
FM-026,SEC EDGAR (U.S. Securities and Exchange Commission),Institucional / oficial,Fuentes sectoriales/metodológicas,Gubernamental (regulador financiero),Estados Unidos,Estados Unidos,"Sistema EDGAR de la U.S. Securities and Exchange Commission. Permite consultar gratuitamente reportes financieros (10-K, 8-K) y anuncios de fusiones y adquisiciones de empresas de semiconductores que cotizan en bolsa en EE. UU.",https://www.sec.gov/edgar,Alta,"Libre, sin registro",Gratuita,Inglés,Estados Unidos / Mundial (empresas que cotizan en EE. UU.),Inversión,Fusiones y adquisiciones,BM-017,Reportes financieros y eventos corporativos de empresas públicas.,Consultar al dar seguimiento a transacciones corporativas relevantes del sector.,Diaria,"Reportes financieros, anuncios de M&A",Alta,2026-07-02,,,Pertinencia de Competitividad; Pertinencia Económica,PC5; PE3; PE4,Complementaria,Integrada y vigente según MATRIZ,"Completa a nivel de fuente. Para uso SIIP debe registrarse el producto/serie/tabla/campo, periodo y evidencia de la consulta concreta.","Al usarla en un indicador SIIP, documentar producto o dataset exacto, campo/tabla, periodo, unidad, fecha de consulta y evidencia.",,,T3,Gubernamentales,Gubernamental,Confiabilidad; Pertinencia; Actualidad; Cobertura temática; Accesibilidad; Trazabilidad,Valoración del Catálogo Maestro / MATRIZ. Sirve como referencia de autoridad y calidad general de la fuente; no sustituye la evaluación de Confiabilidad de la evidencia de una señal específica.,"Al utilizar la fuente en una señal registrar como mínimo: Fecha_Publicación, FCV, Categoría, Título_Señal, Descripción, Fuente_Tipo, Fuente_Nombre y URL_Evidencia; posteriormente evaluar Impacto, Urgencia y Confiabilidad de la evidencia."
FM-027,CourtListener (RECAP Archive),Secundaria / inteligencia especializada,Fuentes sectoriales/metodológicas,Repositorio de acceso abierto (jurídico),Estados Unidos,Estados Unidos,Base de datos gratuita de jurisprudencia y expedientes judiciales de EE. UU. mantenida por el Free Law Project. Permite dar seguimiento a litigios de propiedad intelectual (RECAP Archive) relacionados con patentes de semiconductores.,https://www.courtlistener.com/,Media,"Libre, sin registro (Free Law Project)",Gratuita,Inglés,Estados Unidos,Propiedad Intelectual,Litigios,BM-051,Evidencia documental de litigios y disputas de propiedad intelectual.,Consultar al evaluar riesgos legales asociados a disputas de propiedad intelectual.,Diaria,"Expedientes judiciales, sentencias, litigios de PI",Alta,2026-07-02,,,Pertinencia Normativa e Institucional,PN3,Complementaria,Integrada y vigente según MATRIZ,"Completa a nivel de fuente. Para uso SIIP debe registrarse el producto/serie/tabla/campo, periodo y evidencia de la consulta concreta.","Al usarla en un indicador SIIP, documentar producto o dataset exacto, campo/tabla, periodo, unidad, fecha de consulta y evidencia.",,,T9,Empresas,Industrial,Confiabilidad; Pertinencia; Actualidad; Cobertura temática; Accesibilidad; Trazabilidad,Valoración del Catálogo Maestro / MATRIZ. Sirve como referencia de autoridad y calidad general de la fuente; no sustituye la evaluación de Confiabilidad de la evidencia de una señal específica.,"Al utilizar la fuente en una señal registrar como mínimo: Fecha_Publicación, FCV, Categoría, Título_Señal, Descripción, Fuente_Tipo, Fuente_Nombre y URL_Evidencia; posteriormente evaluar Impacto, Urgencia y Confiabilidad de la evidencia."
FM-028,Yole Group,Secundaria / inteligencia especializada,Fuentes sectoriales/metodológicas,Consultora especializada (investigación de mercado),Francia,Francia,"Consultora francesa especializada en semiconductores, fotónica y sistemas electrónicos; referencia internacional en el mercado de empaquetado avanzado (Advanced Packaging Market Monitor), con datos de capacidad, CapEx y participación de mercado por actor.",https://www.yolegroup.com/,Alta,Resúmenes y notas de prensa de acceso libre; reportes e informes de mercado completos son de pago (compra por informe),Comercial,Inglés,Mundial,Tecnología,ATP (Advanced Packaging),BM-052,"Cuantificación de mercado y ranking competitivo de tecnologías de empaquetado avanzado (Fan-Out, 2.5D/3D, SiP).",Consultar al evaluar la madurez de mercado y los actores líderes de una tecnología de empaquetado antes de recomendar inversión o vinculación.,Trimestral,"Reportes de mercado, informes técnicos, notas de prensa",Alta,2026-07-11,Pertinencia Infraestructural; Pertinencia Tecnológica,PI5; PT4,Pertinencia Tecnológica,PT2; PT5,Directa y complementaria,Integrada y vigente según MATRIZ,"Completa a nivel de fuente. Para uso SIIP debe registrarse el producto/serie/tabla/campo, periodo y evidencia de la consulta concreta.","Al usarla en un indicador SIIP, documentar producto o dataset exacto, campo/tabla, periodo, unidad, fecha de consulta y evidencia.",F-099; F-100,"F-099: Semiconductor content per rack: Technical breakdown and forecast | F-100: Semiconductor demand in AI, cloud computing, and data center infrastructures",T1,Empresas,Consultoría,Confiabilidad; Pertinencia; Actualidad; Cobertura temática; Accesibilidad; Trazabilidad,Valoración del Catálogo Maestro / MATRIZ. Sirve como referencia de autoridad y calidad general de la fuente; no sustituye la evaluación de Confiabilidad de la evidencia de una señal específica.,"Al utilizar la fuente en una señal registrar como mínimo: Fecha_Publicación, FCV, Categoría, Título_Señal, Descripción, Fuente_Tipo, Fuente_Nombre y URL_Evidencia; posteriormente evaluar Impacto, Urgencia y Confiabilidad de la evidencia."
FM-029,TrendForce / DRAMeXchange,Secundaria / inteligencia especializada,Fuentes sectoriales/metodológicas,Proveedor de inteligencia de mercado,Taiwán,Taiwán,"Firma de inteligencia de mercado especializada en la cadena de suministro de memoria y semiconductores (DRAM, NAND, SSD); publica de forma gratuita precios spot, análisis semanal y noticias de mercado, con reportes detallados e históricos disponibles por suscripción.",https://www.trendforce.com/,Alta,Registro gratuito para noticias y precios de referencia; reportes de investigación detallados requieren suscripción,Registro gratuito,Inglés / Chino,Mundial,Mercado,Precios,BM-053,"Precios de mercado, análisis de oferta y demanda, y proyecciones de capacidad de memoria y semiconductores.",Consultar al dar seguimiento a la evolución de precios de memoria y su efecto en costos de manufactura.,Diaria / Semanal,"Precios de mercado, análisis de oferta y demanda, reportes de investigación",Media,2026-07-11,,,Pertinencia por Demanda del Mercado; Pertinencia Económica,DM5; PE1; PE2,Complementaria,Integrada y vigente según MATRIZ,"Completa a nivel de fuente. Para uso SIIP debe registrarse el producto/serie/tabla/campo, periodo y evidencia de la consulta concreta.","Al usarla en un indicador SIIP, documentar producto o dataset exacto, campo/tabla, periodo, unidad, fecha de consulta y evidencia.",,,T2,Empresas,Consultoría,Confiabilidad; Pertinencia; Actualidad; Cobertura temática; Accesibilidad; Trazabilidad,Valoración del Catálogo Maestro / MATRIZ. Sirve como referencia de autoridad y calidad general de la fuente; no sustituye la evaluación de Confiabilidad de la evidencia de una señal específica.,"Al utilizar la fuente en una señal registrar como mínimo: Fecha_Publicación, FCV, Categoría, Título_Señal, Descripción, Fuente_Tipo, Fuente_Nombre y URL_Evidencia; posteriormente evaluar Impacto, Urgencia y Confiabilidad de la evidencia."
FM-030,Omdia (Informa Tech),Secundaria / inteligencia especializada,Fuentes sectoriales/metodológicas,Consultora / firma de investigación de mercado,Reino Unido,Reino Unido,"Firma de investigación de mercado tecnológico resultado de la fusión de IHS Markit Technology, Ovum, Tractica y Heavy Reading; publica trackers trimestrales de mercado de semiconductores por segmento, incluyendo IA y manufactura.",https://omdia.tech.informa.com/,Alta,Resúmenes y notas de prensa de acceso libre; trackers y bases de datos completos requieren suscripción,Suscripción,Inglés,Mundial,Mercado,Segmento IA,BM-054,Pronósticos de ingresos y participación de mercado por segmento y proveedor.,Consultar al dimensionar el crecimiento del segmento de semiconductores para IA o al comparar proveedores.,Trimestral,"Reportes de mercado, trackers de datos, notas de prensa",Alta,2026-07-11,,,Pertinencia por Demanda del Mercado,DM3; DM4; DM5,Complementaria,Integrada y vigente según MATRIZ,"Completa a nivel de fuente. Para uso SIIP debe registrarse el producto/serie/tabla/campo, periodo y evidencia de la consulta concreta.","Al usarla en un indicador SIIP, documentar producto o dataset exacto, campo/tabla, periodo, unidad, fecha de consulta y evidencia.",F-064,F-064: Data center semiconductor demand and hardware composition report,T2,Empresas,Consultoría,Confiabilidad; Pertinencia; Actualidad; Cobertura temática; Accesibilidad; Trazabilidad,Valoración del Catálogo Maestro / MATRIZ. Sirve como referencia de autoridad y calidad general de la fuente; no sustituye la evaluación de Confiabilidad de la evidencia de una señal específica.,"Al utilizar la fuente en una señal registrar como mínimo: Fecha_Publicación, FCV, Categoría, Título_Señal, Descripción, Fuente_Tipo, Fuente_Nombre y URL_Evidencia; posteriormente evaluar Impacto, Urgencia y Confiabilidad de la evidencia."
FM-031,TechInsights,Secundaria / inteligencia especializada,Fuentes sectoriales/metodológicas,Proveedor de inteligencia de mercado (análisis técnico y de mercado),Canadá,Canadá,"Plataforma líder en ingeniería inversa, análisis de patentes y datos de mercado de semiconductores; combina contenido gratuito, freemium y premium sobre capacidad de manufactura, hojas de ruta tecnológicas y benchmarking competitivo.",https://www.techinsights.com/,Alta,Contenido gratuito y freemium disponible; análisis y reportes premium requieren suscripción,Suscripción,Inglés,Mundial,Manufactura,Capacidad instalada,BM-055,"Análisis técnico de productos, hojas de ruta de manufactura y estimaciones de capacidad instalada por fabricante.",Consultar al evaluar la capacidad de manufactura real de un fabricante o al analizar un producto mediante ingeniería inversa.,Mensual,"Teardowns, reportes técnicos, análisis de mercado",Alta,2026-07-11,Pertinencia de Competitividad; Pertinencia Tecnológica,PC4; PT4,Pertinencia Infraestructural,PI3,Directa y complementaria,Integrada y vigente según MATRIZ,"Completa a nivel de fuente. Para uso SIIP debe registrarse el producto/serie/tabla/campo, periodo y evidencia de la consulta concreta.","Al usarla en un indicador SIIP, documentar producto o dataset exacto, campo/tabla, periodo, unidad, fecha de consulta y evidencia.",,,T6,Empresas,Consultoría,Confiabilidad; Pertinencia; Actualidad; Cobertura temática; Accesibilidad; Trazabilidad,Valoración del Catálogo Maestro / MATRIZ. Sirve como referencia de autoridad y calidad general de la fuente; no sustituye la evaluación de Confiabilidad de la evidencia de una señal específica.,"Al utilizar la fuente en una señal registrar como mínimo: Fecha_Publicación, FCV, Categoría, Título_Señal, Descripción, Fuente_Tipo, Fuente_Nombre y URL_Evidencia; posteriormente evaluar Impacto, Urgencia y Confiabilidad de la evidencia."
FM-032,DIGITIMES Asia,Secundaria / medio especializado,Fuentes sectoriales/metodológicas,Medio especializado (Asia),Taiwán,Taiwán,"Medio digital especializado en la cadena de suministro tecnológica de Asia; cubre en detalle anuncios de nuevas plantas, expansión de capacidad y movimientos geopolíticos relevantes para la industria de semiconductores.",https://www.digitimes.com/,Media,Registro gratuito para la mayoría de noticias; investigación especializada (DIGITIMES Research) requiere suscripción,Registro gratuito,Inglés,Asia / Mundial,Manufactura,Nuevas plantas,BM-056,Noticias oportunas y análisis de la cadena de suministro asiática de semiconductores.,Consultar al monitorear anuncios de nuevas instalaciones productivas en Asia y su efecto en la cadena de suministro global.,Diaria,"Noticias, análisis de cadena de suministro, investigación especializada",Media,2026-07-11,Pertinencia de Competitividad; Pertinencia Infraestructural; Pertinencia Tecnológica,PC5; PI3; PT5,Pertinencia Económica,PE3,Directa y complementaria,Integrada y vigente según MATRIZ,"Completa a nivel de fuente. Para uso SIIP debe registrarse el producto/serie/tabla/campo, periodo y evidencia de la consulta concreta.","Al usarla en un indicador SIIP, documentar producto o dataset exacto, campo/tabla, periodo, unidad, fecha de consulta y evidencia.",,,T6,Medios especializados,Medios,Confiabilidad; Pertinencia; Actualidad; Cobertura temática; Accesibilidad; Trazabilidad,Valoración del Catálogo Maestro / MATRIZ. Sirve como referencia de autoridad y calidad general de la fuente; no sustituye la evaluación de Confiabilidad de la evidencia de una señal específica.,"Al utilizar la fuente en una señal registrar como mínimo: Fecha_Publicación, FCV, Categoría, Título_Señal, Descripción, Fuente_Tipo, Fuente_Nombre y URL_Evidencia; posteriormente evaluar Impacto, Urgencia y Confiabilidad de la evidencia."
FM-033,JEDEC (JEDEC Solid State Technology Association),Institucional / sectorial,Fuentes institucionales,Organismo de normalización,Estados Unidos,Estados Unidos,"Organismo independiente de normalización de la industria de semiconductores y memoria; publica de forma gratuita los estándares técnicos (por ejemplo, DDR, SDRAM) utilizados por fabricantes de equipamiento y dispositivos.",https://www.jedec.org/,Alta,"Libre, sin registro (todos los estándares JEDEC se descargan gratuitamente)",Gratuita,Inglés,Mundial,Manufactura,Equipamiento,BM-057,Estándares técnicos oficiales de diseño y fabricación de dispositivos de memoria y semiconductores.,Consultar al verificar el cumplimiento de estándares técnicos en equipamiento o dispositivos de nueva generación.,Cuando exista información pública (actualización de estándares),"Estándares técnicos, especificaciones, comunicados",Media,2026-07-11,Pertinencia Infraestructural; Pertinencia Tecnológica,PI5; PT1; PT4,,,Directa,Integrada y vigente según MATRIZ,"Completa a nivel de fuente. Para uso SIIP debe registrarse el producto/serie/tabla/campo, periodo y evidencia de la consulta concreta.","Al usarla en un indicador SIIP, documentar producto o dataset exacto, campo/tabla, periodo, unidad, fecha de consulta y evidencia.",,,T6,Asociaciones y cámaras,Industrial,Confiabilidad; Pertinencia; Actualidad; Cobertura temática; Accesibilidad; Trazabilidad,Valoración del Catálogo Maestro / MATRIZ. Sirve como referencia de autoridad y calidad general de la fuente; no sustituye la evaluación de Confiabilidad de la evidencia de una señal específica.,"Al utilizar la fuente en una señal registrar como mínimo: Fecha_Publicación, FCV, Categoría, Título_Señal, Descripción, Fuente_Tipo, Fuente_Nombre y URL_Evidencia; posteriormente evaluar Impacto, Urgencia y Confiabilidad de la evidencia."
FM-034,IPC (Global Electronics Association),Institucional / sectorial,Fuentes institucionales,Organismo de normalización,Estados Unidos,Estados Unidos,"Asociación global de normalización de la industria electrónica (antes IPC – Association Connecting Electronics Industries); publica estándares de ensamblaje, manufactura y control de calidad ampliamente utilizados en manufactura electrónica y de semiconductores.",https://www.ipc.org/,Alta,Resúmenes y catálogo de estándares de acceso libre; texto completo de los estándares requiere compra o membresía,Comercial,Inglés,Mundial,Manufactura,Cuartos limpios,BM-058,"Estándares de manufactura, ensamblaje y control de calidad de la industria electrónica.",Consultar al evaluar el cumplimiento de estándares de manufactura en instalaciones de ensamblaje o empaquetado.,Cuando exista información pública (actualización de estándares),"Estándares técnicos, normas de manufactura",Media,2026-07-11,Pertinencia Infraestructural; Pertinencia Tecnológica,PI5; PT1,,,Directa,Integrada y vigente según MATRIZ,"Completa a nivel de fuente. Para uso SIIP debe registrarse el producto/serie/tabla/campo, periodo y evidencia de la consulta concreta.","Al usarla en un indicador SIIP, documentar producto o dataset exacto, campo/tabla, periodo, unidad, fecha de consulta y evidencia.",,,T6,Asociaciones y cámaras,Industrial,Confiabilidad; Pertinencia; Actualidad; Cobertura temática; Accesibilidad; Trazabilidad,Valoración del Catálogo Maestro / MATRIZ. Sirve como referencia de autoridad y calidad general de la fuente; no sustituye la evaluación de Confiabilidad de la evidencia de una señal específica.,"Al utilizar la fuente en una señal registrar como mínimo: Fecha_Publicación, FCV, Categoría, Título_Señal, Descripción, Fuente_Tipo, Fuente_Nombre y URL_Evidencia; posteriormente evaluar Impacto, Urgencia y Confiabilidad de la evidencia."
FM-035,TSMC — Newsroom / Investor Relations,Primaria corporativa,Fuentes institucionales,Empresa líder del sector (fuente primaria corporativa),Taiwán,Taiwán,"Sitio oficial de relación con inversionistas y sala de prensa del principal fabricante de semiconductores por contrato (foundry) a nivel mundial; publica anuncios oficiales de nuevas plantas, capacidad y hojas de ruta tecnológica.",https://pr.tsmc.com/,Alta,"Libre, sin registro",Gratuita,Inglés / Chino,Mundial,Manufactura,Nuevas plantas,BM-059,"Anuncios oficiales de expansión de capacidad, inversión y hojas de ruta tecnológica de un actor líder del sector.",Consultar al dar seguimiento a anuncios oficiales de capacidad o inversión de los principales fabricantes globales.,Cuando exista información pública,"Comunicados oficiales, reportes a inversionistas, presentaciones",Alta,2026-07-11,Pertinencia de Competitividad; Pertinencia Infraestructural; Pertinencia Tecnológica,PC5; PI3; PT5,Pertinencia Económica,PE3,Directa y complementaria,Integrada y vigente según MATRIZ,"Completa a nivel de fuente. Para uso SIIP debe registrarse el producto/serie/tabla/campo, periodo y evidencia de la consulta concreta.","Al usarla en un indicador SIIP, documentar producto o dataset exacto, campo/tabla, periodo, unidad, fecha de consulta y evidencia.",,,T6,Empresas,Industrial,Confiabilidad; Pertinencia; Actualidad; Cobertura temática; Accesibilidad; Trazabilidad,Valoración del Catálogo Maestro / MATRIZ. Sirve como referencia de autoridad y calidad general de la fuente; no sustituye la evaluación de Confiabilidad de la evidencia de una señal específica.,"Al utilizar la fuente en una señal registrar como mínimo: Fecha_Publicación, FCV, Categoría, Título_Señal, Descripción, Fuente_Tipo, Fuente_Nombre y URL_Evidencia; posteriormente evaluar Impacto, Urgencia y Confiabilidad de la evidencia."
FM-036,Samsung Semiconductor Newsroom,Primaria corporativa,Fuentes institucionales,Empresa líder del sector (fuente primaria corporativa),Corea del Sur,Corea del Sur,"Sala de prensa oficial de la división de semiconductores de Samsung Electronics; publica anuncios de capacidad, nuevos nodos tecnológicos e inversión en manufactura.",https://semiconductor.samsung.com/news-events/,Alta,"Libre, sin registro",Gratuita,Inglés / Coreano,Mundial,Manufactura,Capacidad instalada,BM-060,"Anuncios oficiales de capacidad, tecnología de proceso e inversión de un actor líder del sector.",Consultar al dar seguimiento a anuncios oficiales de capacidad o nodos tecnológicos de fabricantes integrados (IDM).,Cuando exista información pública,"Comunicados oficiales, notas de prensa",Media,2026-07-11,Pertinencia de Competitividad; Pertinencia Tecnológica,PC4; PT4,Pertinencia Infraestructural,PI3,Directa y complementaria,Integrada y vigente según MATRIZ,"Completa a nivel de fuente. Para uso SIIP debe registrarse el producto/serie/tabla/campo, periodo y evidencia de la consulta concreta.","Al usarla en un indicador SIIP, documentar producto o dataset exacto, campo/tabla, periodo, unidad, fecha de consulta y evidencia.",,,T6,Empresas,Industrial,Confiabilidad; Pertinencia; Actualidad; Cobertura temática; Accesibilidad; Trazabilidad,Valoración del Catálogo Maestro / MATRIZ. Sirve como referencia de autoridad y calidad general de la fuente; no sustituye la evaluación de Confiabilidad de la evidencia de una señal específica.,"Al utilizar la fuente en una señal registrar como mínimo: Fecha_Publicación, FCV, Categoría, Título_Señal, Descripción, Fuente_Tipo, Fuente_Nombre y URL_Evidencia; posteriormente evaluar Impacto, Urgencia y Confiabilidad de la evidencia."
FM-037,PitchBook,Secundaria / inteligencia especializada,Fuentes sectoriales/metodológicas,Base de datos de inversión,Estados Unidos,Estados Unidos,"Plataforma de datos de mercados de capital privado y capital de riesgo; cubre financiamiento, valuaciones y operaciones de empresas de semiconductores a nivel mundial.",https://pitchbook.com/,Alta,Suscripción institucional (sin acceso gratuito),Suscripción,Inglés,Mundial,Inversión,Capital privado,BM-061,"Datos de financiamiento, valuación y operaciones de capital privado y de riesgo en la industria de semiconductores.",Consultar al analizar rondas de inversión o valuaciones de empresas de semiconductores no cotizadas en bolsa.,Diaria,"Datos de financiamiento, perfiles de empresas, reportes de mercado",Alta,2026-07-11,Pertinencia Económica,PE4,Pertinencia de Competitividad,PC5,Directa y complementaria,Integrada y vigente según MATRIZ,"Completa a nivel de fuente. Para uso SIIP debe registrarse el producto/serie/tabla/campo, periodo y evidencia de la consulta concreta.","Al usarla en un indicador SIIP, documentar producto o dataset exacto, campo/tabla, periodo, unidad, fecha de consulta y evidencia.",,,T3,Empresas,Consultoría,Confiabilidad; Pertinencia; Actualidad; Cobertura temática; Accesibilidad; Trazabilidad,Valoración del Catálogo Maestro / MATRIZ. Sirve como referencia de autoridad y calidad general de la fuente; no sustituye la evaluación de Confiabilidad de la evidencia de una señal específica.,"Al utilizar la fuente en una señal registrar como mínimo: Fecha_Publicación, FCV, Categoría, Título_Señal, Descripción, Fuente_Tipo, Fuente_Nombre y URL_Evidencia; posteriormente evaluar Impacto, Urgencia y Confiabilidad de la evidencia."
FM-038,Crunchbase,Secundaria / inteligencia especializada,Fuentes sectoriales/metodológicas,Base de datos de inversión,Estados Unidos,Estados Unidos,"Base de datos de empresas privadas, financiamiento y actividad de mercado; ofrece un nivel gratuito de consulta y un nivel de suscripción con datos ampliados sobre startups de semiconductores.",https://www.crunchbase.com/,Media,Registro gratuito con funciones básicas; suscripción para datos ampliados y exportación,Registro gratuito,Inglés,Mundial,Inversión,Nearshoring,BM-062,Datos de financiamiento y actividad de startups y empresas emergentes de semiconductores.,Consultar al identificar startups de semiconductores relevantes para vinculación o inversión regional.,Diaria,"Perfiles de empresas, datos de financiamiento",Media,2026-07-11,,,Pertinencia de Competitividad; Pertinencia Económica,PC5; PE2; PE3,Complementaria,Integrada y vigente según MATRIZ,"Completa a nivel de fuente. Para uso SIIP debe registrarse el producto/serie/tabla/campo, periodo y evidencia de la consulta concreta.","Al usarla en un indicador SIIP, documentar producto o dataset exacto, campo/tabla, periodo, unidad, fecha de consulta y evidencia.",,,T3,Empresas,Consultoría,Confiabilidad; Pertinencia; Actualidad; Cobertura temática; Accesibilidad; Trazabilidad,Valoración del Catálogo Maestro / MATRIZ. Sirve como referencia de autoridad y calidad general de la fuente; no sustituye la evaluación de Confiabilidad de la evidencia de una señal específica.,"Al utilizar la fuente en una señal registrar como mínimo: Fecha_Publicación, FCV, Categoría, Título_Señal, Descripción, Fuente_Tipo, Fuente_Nombre y URL_Evidencia; posteriormente evaluar Impacto, Urgencia y Confiabilidad de la evidencia."
FM-039,CB Insights,Secundaria / inteligencia especializada,Fuentes sectoriales/metodológicas,Base de datos de inversión / consultora de mercado,Estados Unidos,Estados Unidos,"Plataforma de datos e investigación estratégica orientada a tendencias de mercado, financiamiento y fusiones y adquisiciones en tecnología, incluyendo semiconductores.",https://www.cbinsights.com/,Alta,Suscripción institucional (contenido de investigación limitado disponible sin costo),Suscripción,Inglés,Mundial,Inversión,Fusiones y adquisiciones,BM-063,"Análisis estratégico de tendencias de inversión, fusiones y adquisiciones en el sector tecnológico.",Consultar al analizar tendencias estratégicas de M&A o mapear el panorama competitivo de un segmento tecnológico.,Semanal,"Reportes de mercado, análisis estratégico, datos de M&A",Media,2026-07-11,,,Pertinencia de Competitividad; Pertinencia Económica,PC5; PE3; PE4,Complementaria,Integrada y vigente según MATRIZ,"Completa a nivel de fuente. Para uso SIIP debe registrarse el producto/serie/tabla/campo, periodo y evidencia de la consulta concreta.","Al usarla en un indicador SIIP, documentar producto o dataset exacto, campo/tabla, periodo, unidad, fecha de consulta y evidencia.",,,T3,Empresas,Consultoría,Confiabilidad; Pertinencia; Actualidad; Cobertura temática; Accesibilidad; Trazabilidad,Valoración del Catálogo Maestro / MATRIZ. Sirve como referencia de autoridad y calidad general de la fuente; no sustituye la evaluación de Confiabilidad de la evidencia de una señal específica.,"Al utilizar la fuente en una señal registrar como mínimo: Fecha_Publicación, FCV, Categoría, Título_Señal, Descripción, Fuente_Tipo, Fuente_Nombre y URL_Evidencia; posteriormente evaluar Impacto, Urgencia y Confiabilidad de la evidencia."
FM-040,NIST — CHIPS for America,Institucional / oficial,Antecedentes y gobernanza,Gubernamental,Estados Unidos,Estados Unidos,Programa federal de EE. UU. (Departamento de Comercio / NIST) responsable de administrar los incentivos de la CHIPS and Science Act para manufactura e I+D de semiconductores.,https://www.nist.gov/chips,Alta,"Libre, sin registro",Gratuita,Inglés,Estados Unidos,Inversión,Fondos públicos,BM-064,"Convocatorias, montos otorgados y condiciones de los incentivos federales de EE. UU. para semiconductores.",Consultar al dar seguimiento a incentivos y financiamiento público disponibles en EE. UU. relevantes para la cadena de valor regional.,Cuando exista información pública,"Convocatorias, comunicados oficiales, reportes de programa",Alta,2026-07-11,Pertinencia Normativa e Institucional,PN1; PN4,Pertinencia Económica,PE4,Directa y complementaria,Integrada y vigente según MATRIZ,"Completa a nivel de fuente. Para uso SIIP debe registrarse el producto/serie/tabla/campo, periodo y evidencia de la consulta concreta.","Al usarla en un indicador SIIP, documentar producto o dataset exacto, campo/tabla, periodo, unidad, fecha de consulta y evidencia.",,,T3,Gubernamentales,Gubernamental,Confiabilidad; Pertinencia; Actualidad; Cobertura temática; Accesibilidad; Trazabilidad,Valoración del Catálogo Maestro / MATRIZ. Sirve como referencia de autoridad y calidad general de la fuente; no sustituye la evaluación de Confiabilidad de la evidencia de una señal específica.,"Al utilizar la fuente en una señal registrar como mínimo: Fecha_Publicación, FCV, Categoría, Título_Señal, Descripción, Fuente_Tipo, Fuente_Nombre y URL_Evidencia; posteriormente evaluar Impacto, Urgencia y Confiabilidad de la evidencia."
FM-041,Comisión Europea — European Chips Act,Institucional / oficial,Antecedentes y gobernanza,Organismo internacional (regulador),Unión Europea,Unión Europea,"Portal oficial de la Comisión Europea sobre la Ley Europea de Chips (European Chips Act / Chips Act 2.0), que documenta el marco regulatorio e incentivos para fortalecer la industria europea de semiconductores.",https://digital-strategy.ec.europa.eu/en/policies/european-chips-act,Alta,"Libre, sin registro",Gratuita,Inglés,Unión Europea,Regulación,Política industrial,BM-065,Marco regulatorio e incentivos de la Unión Europea para la industria de semiconductores.,Consultar al comparar el marco regulatorio internacional aplicable a la industria de semiconductores.,Cuando exista información pública,"Marco regulatorio, comunicados oficiales, propuestas legislativas",Media,2026-07-11,Pertinencia Normativa e Institucional,PN1; PN4,Pertinencia Normativa e Institucional,PN5,Directa y complementaria,Integrada y vigente según MATRIZ,"Completa a nivel de fuente. Para uso SIIP debe registrarse el producto/serie/tabla/campo, periodo y evidencia de la consulta concreta.","Al usarla en un indicador SIIP, documentar producto o dataset exacto, campo/tabla, periodo, unidad, fecha de consulta y evidencia.",,,T5,Organismos internacionales,Gubernamental,Confiabilidad; Pertinencia; Actualidad; Cobertura temática; Accesibilidad; Trazabilidad,Valoración del Catálogo Maestro / MATRIZ. Sirve como referencia de autoridad y calidad general de la fuente; no sustituye la evaluación de Confiabilidad de la evidencia de una señal específica.,"Al utilizar la fuente en una señal registrar como mínimo: Fecha_Publicación, FCV, Categoría, Título_Señal, Descripción, Fuente_Tipo, Fuente_Nombre y URL_Evidencia; posteriormente evaluar Impacto, Urgencia y Confiabilidad de la evidencia."
FM-042,Espacenet (European Patent Office),Institucional / oficial,Fuentes sectoriales/metodológicas,Oficina de patentes,Unión Europea,Unión Europea,"Base de datos gratuita de la Oficina Europea de Patentes (EPO) con más de 150 millones de documentos de patentes de más de 100 países, incluyendo tecnologías de semiconductores.",https://www.epo.org/,Alta,"Libre, sin registro",Gratuita,Inglés / Francés / Alemán / Multilingüe,Mundial,Propiedad Intelectual,Patentes,BM-066,Documentos de patentes internacionales con cobertura complementaria a la de WIPO y USPTO.,Consultar al dar seguimiento al estado del arte tecnológico protegido por patentes con énfasis en cobertura europea.,Diaria,"Patentes, estadísticas de propiedad intelectual",Alta,2026-07-11,,,Pertinencia Normativa e Institucional; Pertinencia Tecnológica,PN4; PT2; PT5,Complementaria,Integrada y vigente según MATRIZ,"Completa a nivel de fuente. Para uso SIIP debe registrarse el producto/serie/tabla/campo, periodo y evidencia de la consulta concreta.","Al usarla en un indicador SIIP, documentar producto o dataset exacto, campo/tabla, periodo, unidad, fecha de consulta y evidencia.",,,T9,Gubernamentales,Gubernamental,Confiabilidad; Pertinencia; Actualidad; Cobertura temática; Accesibilidad; Trazabilidad,Valoración del Catálogo Maestro / MATRIZ. Sirve como referencia de autoridad y calidad general de la fuente; no sustituye la evaluación de Confiabilidad de la evidencia de una señal específica.,"Al utilizar la fuente en una señal registrar como mínimo: Fecha_Publicación, FCV, Categoría, Título_Señal, Descripción, Fuente_Tipo, Fuente_Nombre y URL_Evidencia; posteriormente evaluar Impacto, Urgencia y Confiabilidad de la evidencia."
FM-043,IMCO (Instituto Mexicano para la Competitividad),Secundaria / inteligencia especializada,Fuentes sectoriales/metodológicas,Centro de investigación (sociedad civil),México,México,"Centro de investigación independiente que publica análisis y datos sobre competitividad regional y sectorial en México, incluyendo semiconductores y su relación con el T-MEC.",https://imco.org.mx/,Alta,"Libre, sin registro",Gratuita,Español,México,Inversión,Capital privado,BM-067,Análisis de competitividad regional y sectorial aplicable a la atracción de inversión en semiconductores.,Consultar al preparar propuestas de atracción de inversión que requieran datos de competitividad regional.,Cuando exista información pública,"Estudios de competitividad, artículos de análisis",Media,2026-07-11,Pertinencia Económica,PE4,Pertinencia de Competitividad,PC5,Directa y complementaria,Integrada y vigente según MATRIZ,"Completa a nivel de fuente. Para uso SIIP debe registrarse el producto/serie/tabla/campo, periodo y evidencia de la consulta concreta.","Al usarla en un indicador SIIP, documentar producto o dataset exacto, campo/tabla, periodo, unidad, fecha de consulta y evidencia.",F-043,F-043: Reglas de origen del sector automotriz bajo el T-MEC (Anexo),T3,Académicas,Académica,Confiabilidad; Pertinencia; Actualidad; Cobertura temática; Accesibilidad; Trazabilidad,Valoración del Catálogo Maestro / MATRIZ. Sirve como referencia de autoridad y calidad general de la fuente; no sustituye la evaluación de Confiabilidad de la evidencia de una señal específica.,"Al utilizar la fuente en una señal registrar como mínimo: Fecha_Publicación, FCV, Categoría, Título_Señal, Descripción, Fuente_Tipo, Fuente_Nombre y URL_Evidencia; posteriormente evaluar Impacto, Urgencia y Confiabilidad de la evidencia."
FM-044,LinkedIn Talent Insights,Secundaria / inteligencia especializada,Fuentes sectoriales/metodológicas,Base de datos de talento (proveedor comercial),Estados Unidos,Estados Unidos,Plataforma de analítica de mercado laboral basada en el Economic Graph de LinkedIn; permite cuantificar la oferta y demanda de talento especializado en semiconductores por región.,https://business.linkedin.com/talent-solutions/talent-insights,Media,Suscripción institucional (sin acceso gratuito),Suscripción,Inglés,Mundial,Talento,Especialización,BM-068,"Cuantificación de la oferta y demanda de talento especializado, y comparación regional de disponibilidad de perfiles técnicos.",Consultar al dimensionar la disponibilidad regional de talento especializado en semiconductores frente a otras regiones competidoras.,Cuando exista información pública,"Datos de mercado laboral, reportes de talento",Media,2026-07-11,Pertinencia Social y de Talento,PS2; PS5,Pertinencia Social y de Talento,PS3,Directa y complementaria,Integrada y vigente según MATRIZ,"Completa a nivel de fuente. Para uso SIIP debe registrarse el producto/serie/tabla/campo, periodo y evidencia de la consulta concreta.","Al usarla en un indicador SIIP, documentar producto o dataset exacto, campo/tabla, periodo, unidad, fecha de consulta y evidencia.",,,T4,Empresas,Industrial,Confiabilidad; Pertinencia; Actualidad; Cobertura temática; Accesibilidad; Trazabilidad,Valoración del Catálogo Maestro / MATRIZ. Sirve como referencia de autoridad y calidad general de la fuente; no sustituye la evaluación de Confiabilidad de la evidencia de una señal específica.,"Al utilizar la fuente en una señal registrar como mínimo: Fecha_Publicación, FCV, Categoría, Título_Señal, Descripción, Fuente_Tipo, Fuente_Nombre y URL_Evidencia; posteriormente evaluar Impacto, Urgencia y Confiabilidad de la evidencia."
FM-045,ANUIES (Asociación Nacional de Universidades e Instituciones de Educación Superior),Institucional / sectorial,Fuentes estadísticas,Asociación académica,México,México,Asociación que agrupa a las principales universidades e instituciones de educación superior de México; publica estadísticas y análisis sobre oferta educativa en ingeniería y ciencias relacionadas con semiconductores.,http://www.anuies.mx/,Alta,"Libre, sin registro",Gratuita,Español,México,Talento,Formación,BM-069,Estadísticas nacionales de oferta educativa y matrícula en programas afines a la industria de semiconductores.,Consultar al mapear de forma agregada la oferta educativa nacional disponible para formar talento técnico.,Anual,"Estadísticas educativas, estudios sectoriales",Media,2026-07-11,Pertinencia Social y de Talento,PS1; PS5,Pertinencia Social y de Talento; Pertinencia Tecnológica,PS2; PT3,Directa y complementaria,Integrada y vigente según MATRIZ,"Completa a nivel de fuente. Para uso SIIP debe registrarse el producto/serie/tabla/campo, periodo y evidencia de la consulta concreta.","Al usarla en un indicador SIIP, documentar producto o dataset exacto, campo/tabla, periodo, unidad, fecha de consulta y evidencia.",F-003,F-003: Anuarios estadísticos de educación superior (Sistema de consulta),T4,Académicas,Académica,Confiabilidad; Pertinencia; Actualidad; Cobertura temática; Accesibilidad; Trazabilidad,Valoración del Catálogo Maestro / MATRIZ. Sirve como referencia de autoridad y calidad general de la fuente; no sustituye la evaluación de Confiabilidad de la evidencia de una señal específica.,"Al utilizar la fuente en una señal registrar como mínimo: Fecha_Publicación, FCV, Categoría, Título_Señal, Descripción, Fuente_Tipo, Fuente_Nombre y URL_Evidencia; posteriormente evaluar Impacto, Urgencia y Confiabilidad de la evidencia."
FM-046,S&P Global Mobility,Secundaria / inteligencia especializada,Fuentes sectoriales/metodológicas,Consultora / proveedor de inteligencia de mercado,Estados Unidos,Estados Unidos,"División de S&P Global (anteriormente IHS Markit Automotive) especializada en pronósticos y análisis de la industria automotriz, incluyendo demanda de semiconductores por vehículo.",https://www.mobilityglobal.com/,Alta,Resúmenes y artículos de acceso libre; pronósticos y bases de datos completos requieren suscripción,Suscripción,Inglés,Mundial,Mercado,Segmento automotriz,BM-070,Pronósticos de demanda de semiconductores automotrices y tendencias de contenido de silicio por vehículo.,Consultar al analizar la demanda de semiconductores del sector automotriz con mayor granularidad y horizonte de pronóstico.,Trimestral,"Pronósticos de mercado, reportes de industria",Media,2026-07-11,Pertinencia por Demanda del Mercado,DM1,Pertinencia por Demanda del Mercado,DM4; DM5,Directa y complementaria,Integrada y vigente según MATRIZ,"Completa a nivel de fuente. Para uso SIIP debe registrarse el producto/serie/tabla/campo, periodo y evidencia de la consulta concreta.","Al usarla en un indicador SIIP, documentar producto o dataset exacto, campo/tabla, periodo, unidad, fecha de consulta y evidencia.",,,T2,Empresas,Consultoría,Confiabilidad; Pertinencia; Actualidad; Cobertura temática; Accesibilidad; Trazabilidad,Valoración del Catálogo Maestro / MATRIZ. Sirve como referencia de autoridad y calidad general de la fuente; no sustituye la evaluación de Confiabilidad de la evidencia de una señal específica.,"Al utilizar la fuente en una señal registrar como mínimo: Fecha_Publicación, FCV, Categoría, Título_Señal, Descripción, Fuente_Tipo, Fuente_Nombre y URL_Evidencia; posteriormente evaluar Impacto, Urgencia y Confiabilidad de la evidencia."
FM-047,CDP (antes Carbon Disclosure Project),Institucional / sectorial,Fuentes institucionales,Organización sin fines de lucro (reporte ambiental),Reino Unido,Reino Unido,Organización internacional sin fines de lucro que administra el sistema global de divulgación ambiental corporativa; permite consultar las metas y el desempeño ambiental reportado por empresas de la industria de semiconductores.,https://www.cdp.net/,Alta,Registro gratuito para consulta de reportes públicos de empresas; análisis agregado y benchmarking requieren suscripción,Registro gratuito,Inglés,Mundial,Sostenibilidad,Metas ESG,BM-071,"Datos de divulgación ambiental corporativa (emisiones, agua, metas de cero neto) de empresas del sector.",Consultar al comparar las metas de sostenibilidad reportadas formalmente por empresas del sector con estándares internacionales.,Anual,"Reportes de divulgación ambiental, puntajes ESG",Media,2026-07-11,,,Pertinencia Sostenible,PSO2; PSO4,Complementaria,Integrada y vigente según MATRIZ,"Completa a nivel de fuente. Para uso SIIP debe registrarse el producto/serie/tabla/campo, periodo y evidencia de la consulta concreta.","Al usarla en un indicador SIIP, documentar producto o dataset exacto, campo/tabla, periodo, unidad, fecha de consulta y evidencia.",F-010,F-010: 2024 full corporate scoring methodology: Water security,T8,Empresas,Industrial,Confiabilidad; Pertinencia; Actualidad; Cobertura temática; Accesibilidad; Trazabilidad,Valoración del Catálogo Maestro / MATRIZ. Sirve como referencia de autoridad y calidad general de la fuente; no sustituye la evaluación de Confiabilidad de la evidencia de una señal específica.,"Al utilizar la fuente en una señal registrar como mínimo: Fecha_Publicación, FCV, Categoría, Título_Señal, Descripción, Fuente_Tipo, Fuente_Nombre y URL_Evidencia; posteriormente evaluar Impacto, Urgencia y Confiabilidad de la evidencia."
FM-048,ScienceDirect (Elsevier) — Microelectronics Journal,Académica / científica,Fuentes sectoriales/metodológicas,Revista científica / base de datos académica,Países Bajos,Países Bajos,"Base de datos académica de Elsevier que incluye revistas científicas especializadas en microelectrónica y diseño de circuitos integrados, con resúmenes de acceso libre y texto completo mediante suscripción institucional.",https://www.sciencedirect.com/,Alta,Resúmenes libres sin registro; texto completo requiere suscripción institucional,Institucional,Inglés,Mundial,Tecnología,Diseño IC,BM-072,Evidencia científica revisada por pares sobre diseño de circuitos integrados y tecnologías emergentes de semiconductores.,"Consultar al requerir evidencia científica arbitrada, complementaria a IEEE Xplore, sobre diseño de circuitos integrados.",Diaria,"Artículos científicos arbitrados, revistas especializadas",Media,2026-07-11,Pertinencia Infraestructural; Pertinencia Tecnológica,PI5; PT3,Pertinencia Tecnológica,PT2; PT5,Directa y complementaria,Integrada y vigente según MATRIZ,"Completa a nivel de fuente. Para uso SIIP debe registrarse el producto/serie/tabla/campo, periodo y evidencia de la consulta concreta.","Al usarla en un indicador SIIP, documentar producto o dataset exacto, campo/tabla, periodo, unidad, fecha de consulta y evidencia.",,,T1,Académicas,Académica,Confiabilidad; Pertinencia; Actualidad; Cobertura temática; Accesibilidad; Trazabilidad,Valoración del Catálogo Maestro / MATRIZ. Sirve como referencia de autoridad y calidad general de la fuente; no sustituye la evaluación de Confiabilidad de la evidencia de una señal específica.,"Al utilizar la fuente en una señal registrar como mínimo: Fecha_Publicación, FCV, Categoría, Título_Señal, Descripción, Fuente_Tipo, Fuente_Nombre y URL_Evidencia; posteriormente evaluar Impacto, Urgencia y Confiabilidad de la evidencia."
FM-049,Everstream Analytics,Secundaria / inteligencia especializada,Fuentes sectoriales/metodológicas,Proveedor de inteligencia de mercado (riesgo de cadena de suministro),Estados Unidos,Estados Unidos,"Proveedor de inteligencia predictiva de riesgo de cadena de suministro que combina datos, inteligencia artificial y análisis humano para anticipar disrupciones logísticas, de proveedores y geopolíticas.",https://www.everstream.ai/,Alta,"Reportes y resúmenes de acceso libre (por ejemplo, reporte anual de riesgos); plataforma de monitoreo completa requiere suscripción",Suscripción,Inglés,Mundial,Cadena de Suministro,Disrupciones,BM-073,Alertas tempranas y análisis predictivo de disrupciones en la cadena de suministro global relevantes para semiconductores.,Consultar ante señales de posible disrupción para anticipar su alcance mediante análisis predictivo especializado.,Diaria,"Reportes de riesgo, alertas predictivas, análisis de cadena de suministro",Media,2026-07-11,Pertinencia por Demanda del Mercado,DM5,Pertinencia de Competitividad,PC5,Directa y complementaria,Integrada y vigente según MATRIZ,"Completa a nivel de fuente. Para uso SIIP debe registrarse el producto/serie/tabla/campo, periodo y evidencia de la consulta concreta.","Al usarla en un indicador SIIP, documentar producto o dataset exacto, campo/tabla, periodo, unidad, fecha de consulta y evidencia.",,,T7,Empresas,Consultoría,Confiabilidad; Pertinencia; Actualidad; Cobertura temática; Accesibilidad; Trazabilidad,Valoración del Catálogo Maestro / MATRIZ. Sirve como referencia de autoridad y calidad general de la fuente; no sustituye la evaluación de Confiabilidad de la evidencia de una señal específica.,"Al utilizar la fuente en una señal registrar como mínimo: Fecha_Publicación, FCV, Categoría, Título_Señal, Descripción, Fuente_Tipo, Fuente_Nombre y URL_Evidencia; posteriormente evaluar Impacto, Urgencia y Confiabilidad de la evidencia."
FM-050,IEC — TC47 (Semiconductor Devices),Institucional / sectorial,Fuentes institucionales,Organismo de normalización,Suiza,Suiza,"Comisión Electrotécnica Internacional (IEC), a través de su Comité Técnico 47, desarrolla los estándares internacionales (series IEC 60747 y 62047) para el diseño, manufactura y uso de dispositivos semiconductores discretos.",https://www.iec.ch/,Alta,Catálogo y resúmenes de acceso libre; texto completo de los estándares requiere compra,Comercial,Inglés / Francés,Mundial,Regulación,Normativa ambiental,BM-074,Estándares técnicos internacionales oficiales aplicables al diseño y manufactura de dispositivos semiconductores.,Consultar al verificar el cumplimiento de estándares internacionales de manufactura o diseño de dispositivos semiconductores.,Cuando exista información pública (actualización de estándares),Estándares técnicos internacionales,Media,2026-07-11,Pertinencia Normativa e Institucional,PN1,Pertinencia Sostenible,PSO4,Directa y complementaria,Integrada y vigente según MATRIZ,"Completa a nivel de fuente. Para uso SIIP debe registrarse el producto/serie/tabla/campo, periodo y evidencia de la consulta concreta.","Al usarla en un indicador SIIP, documentar producto o dataset exacto, campo/tabla, periodo, unidad, fecha de consulta y evidencia.",,,T5,Asociaciones y cámaras,Industrial,Confiabilidad; Pertinencia; Actualidad; Cobertura temática; Accesibilidad; Trazabilidad,Valoración del Catálogo Maestro / MATRIZ. Sirve como referencia de autoridad y calidad general de la fuente; no sustituye la evaluación de Confiabilidad de la evidencia de una señal específica.,"Al utilizar la fuente en una señal registrar como mínimo: Fecha_Publicación, FCV, Categoría, Título_Señal, Descripción, Fuente_Tipo, Fuente_Nombre y URL_Evidencia; posteriormente evaluar Impacto, Urgencia y Confiabilidad de la evidencia."
FM-051,Gartner — Forecast: Semiconductors and Electronics,Secundaria / inteligencia especializada,Fuentes sectoriales/metodológicas,Consultora / firma de investigación de mercado,Estados Unidos,Estados Unidos,Firma de investigación y asesoría de referencia mundial en tecnología; publica pronósticos trimestrales de ingresos y demanda global de semiconductores ampliamente citados por la industria y medios especializados.,https://www.gartner.com/,Alta,Comunicados de prensa de acceso libre; informes de investigación completos requieren suscripción,Suscripción,Inglés,Mundial,Mercado,Demanda global,BM-075,"Pronósticos de ingresos y demanda global de semiconductores por segmento, ampliamente citados como referencia de mercado.",Consultar al requerir una cifra de referencia ampliamente aceptada sobre el tamaño y crecimiento del mercado global de semiconductores.,Trimestral,"Pronósticos de mercado, comunicados de prensa, informes de investigación",Alta,2026-07-11,,,Pertinencia por Demanda del Mercado; Pertinencia Económica,DM4; PE1; PE2,Complementaria,Integrada y vigente según MATRIZ,"Completa a nivel de fuente. Para uso SIIP debe registrarse el producto/serie/tabla/campo, periodo y evidencia de la consulta concreta.","Al usarla en un indicador SIIP, documentar producto o dataset exacto, campo/tabla, periodo, unidad, fecha de consulta y evidencia.",,,T2,Empresas,Consultoría,Confiabilidad; Pertinencia; Actualidad; Cobertura temática; Accesibilidad; Trazabilidad,Valoración del Catálogo Maestro / MATRIZ. Sirve como referencia de autoridad y calidad general de la fuente; no sustituye la evaluación de Confiabilidad de la evidencia de una señal específica.,"Al utilizar la fuente en una señal registrar como mínimo: Fecha_Publicación, FCV, Categoría, Título_Señal, Descripción, Fuente_Tipo, Fuente_Nombre y URL_Evidencia; posteriormente evaluar Impacto, Urgencia y Confiabilidad de la evidencia."